zid;Аминьевское шоссе;Киевская;Кунцевская;Кутузовская;Мичуринский проспект;Озёрная;Парк Победы;Проспект Вернадского;Славянский бульвар;Юго-Западная
80150;0.00;0.00;0.00;0.00;0.00;0.00;0.00;0.00;0.00;0.00
80151;0.00;0.00;0.00;0.00;0.00;0.00;0.00;0.00;0.00;0.00
80152;0.00;0.00;0.00;0.00;0.00;0.00;0.00;0.00;0.00;0.00
80153;0.00;0.00;0.00;0.00;0.00;0.00;0.00;0.00;0.00;0.00
80154;0.00;0.00;0.00;0.00;0.00;0.00;0.00;0.00;0.00;0.00
80155;0.00;0.00;0.00;0.00;0.00;0.00;0.00;0.00;0.00;0.00
80156;0.00;0.00;0.00;0.00;0.00;0.00;0.00;0.00;0.00;0.00
80157;0.00;0.00;0.00;0.00;0.00;0.00;0.00;0.00;0.00;0.00
80158;0.00;0.00;0.00;0.00;0.00;0.00;0.00;0.00;0.00;0.00
80159;0.00;0.00;0.00;0.00;0.00;0.00;0.00;0.00;0.00;0.00
80160;0.00;0.00;0.00;0.00;0.00;0.00;0.00;0.00;0.00;0.00
80161;0.00;0.00;0.00;0.00;0.00;0.00;0.00;0.00;0.00;0.00
80162;0.00;0.00;0.00;0.00;0.00;0.00;0.00;0.00;0.00;0.00
80163;0.00;0.00;0.00;0.00;0.00;0.00;0.00;0.00;0.00;0.00
80165;0.00;0.00;0.00;0.00;0.00;0.00;0.00;0.00;0.00;0.00
80166;0.00;0.00;0.00;0.00;0.00;0.00;0.00;0.00;0.00;0.00
80167;0.00;0.00;4.55;0.00;0.00;0.00;0.00;0.00;0.00;0.00
80168;0.00;0.00;0.00;0.00;0.00;0.00;0.00;0.00;0.00;0.00
80169;0.00;0.00;0.00;0.00;0.00;0.00;0.00;0.00;0.00;0.00
80170;0.00;0.00;0.00;0.00;0.00;0.00;0.00;0.00;0.00;0.00
80171;0.00;0.00;0.00;0.00;0.00;0.00;0.00;0.00;0.00;0.00
80173;0.00;0.00;0.00;0.00;0.00;0.00;0.00;0.00;0.00;0.00
80174;0.00;0.00;0.00;0.00;0.00;0.00;0.00;0.00;0.00;0.00
80175;0.00;0.00;0.00;0.00;0.00;0.00;0.00;0.00;0.00;0.00
80176;0.00;0.00;0.00;0.00;0.00;0.00;0.00;0.00;0.00;0.00
80177;0.00;0.00;0.00;0.00;0.00;0.00;0.00;0.00;0.00;0.00
80178;0.00;0.00;0.00;0.00;0.00;0.00;0.00;0.00;0.00;0.00
80179;0.00;0.00;14.43;0.00;0.00;0.00;0.00;0.00;0.00;0.00
80180;0.00;0.00;0.00;0.00;0.00;0.00;0.00;0.00;0.00;0.00
80181;0.00;0.00;0.00;0.00;0.00;0.00;0.00;0.00;0.00;0.00
80182;0.00;0.00;0.00;0.00;0.00;0.00;0.00;0.00;0.00;0.00
80183;0.00;0.00;13.71;0.00;0.00;0.00;0.00;0.00;0.00;0.00
80184;0.00;0.00;0.00;0.00;0.00;0.00;0.00;0.00;0.00;0.00
80185;0.00;0.00;0.00;0.00;0.00;0.00;0.00;0.00;0.00;0.00
80186;7.86;0.00;31.70;0.00;0.00;0.00;0.00;0.00;0.00;1.77
80187;0.00;0.00;0.00;0.00;0.00;0.00;0.00;0.00;0.00;0.00
80188;0.00;0.00;0.00;0.00;0.00;0.00;0.00;0.00;0.00;0.00
80189;0.00;0.00;0.00;0.00;0.00;0.00;0.00;0.00;0.00;0.00
80190;0.00;0.00;0.00;0.00;0.00;0.00;0.00;0.00;0.00;0.00
80191;0.00;0.00;0.00;0.00;0.00;0.00;0.00;0.00;0.00;0.00
80192;0.00;0.00;0.00;0.00;0.00;0.00;0.00;0.00;0.00;0.00
80193;0.00;0.00;0.00;0.00;0.00;0.00;0.00;0.00;0.00;0.00
80194;0.00;0.00;0.00;0.00;0.00;0.00;0.00;0.00;0.00;0.00
80195;0.00;0.00;0.00;0.00;0.00;0.00;0.00;0.00;0.00;0.00
80196;0.00;0.00;0.00;0.00;0.00;0.00;0.00;0.00;0.00;0.00
80197;0.00;0.00;0.00;0.00;0.00;0.00;0.00;0.00;0.00;0.00
80198;0.00;0.00;0.00;0.00;0.00;0.00;0.00;0.00;0.00;0.00
80199;0.00;0.00;1.55;0.00;0.00;0.00;0.00;0.00;0.00;0.00
80200;0.00;0.00;1.12;0.00;0.00;0.00;0.00;0.00;0.00;0.00
80201;0.00;0.00;1.04;0.00;0.00;0.00;0.00;0.00;0.00;0.00
80202;0.00;0.00;2.23;0.00;0.00;0.00;0.00;0.00;0.00;0.00
80203;0.00;0.00;0.00;0.00;0.00;0.00;0.00;0.00;0.00;0.00
80204;0.00;0.00;0.00;0.00;0.00;0.00;0.00;0.00;0.00;0.00
80206;0.00;0.00;0.00;0.00;0.00;0.00;0.00;0.00;0.00;0.00
80207;0.00;0.00;0.00;0.00;0.00;0.00;0.00;0.00;0.00;0.00
80208;0.00;0.00;0.00;0.00;0.00;0.00;0.00;0.00;0.00;0.00
80209;0.00;0.00;0.00;0.00;0.00;0.00;0.00;0.00;0.00;0.00
80210;0.00;0.00;0.00;0.00;0.00;0.00;0.00;0.00;0.00;0.00
80211;0.00;0.00;0.00;0.00;0.00;0.00;0.00;0.00;0.00;0.00
80212;0.00;0.00;0.00;0.00;0.00;0.00;0.00;0.00;0.00;0.00
80213;0.00;0.00;0.00;0.00;0.00;0.00;0.00;0.00;0.00;0.00
80214;0.00;0.00;0.00;0.00;0.00;0.00;0.00;0.00;0.00;0.00
80215;0.00;0.00;0.00;0.00;0.00;0.00;0.00;0.00;0.00;0.00
80217;0.00;0.00;0.00;0.00;0.00;0.00;0.00;0.00;0.00;0.00
80218;0.00;0.00;0.00;0.00;0.00;0.00;0.00;0.00;0.00;0.00
80219;0.00;0.00;0.00;0.00;0.00;0.00;0.00;0.00;0.00;0.00
80220;0.00;0.00;0.00;0.00;0.00;0.00;0.00;0.00;0.00;0.00
80221;0.00;0.00;0.00;0.00;0.00;0.00;0.00;0.00;0.00;0.00
80222;0.00;0.00;0.00;0.00;0.00;0.00;0.00;0.00;0.00;0.00
80223;0.00;0.00;0.00;0.00;0.00;0.00;0.00;0.00;0.00;0.00
80225;0.00;0.00;0.00;0.00;0.00;0.00;0.00;0.00;0.00;0.00
80226;0.00;0.00;0.00;0.00;0.00;0.00;0.00;0.00;0.00;0.00
80227;0.00;0.00;0.00;0.00;0.00;0.00;0.00;0.00;0.00;0.00
80228;0.00;0.00;0.00;0.00;0.00;0.00;0.00;0.00;0.00;0.00
80229;0.00;0.00;0.00;0.00;0.00;0.00;0.00;0.00;0.00;0.00
80230;5.25;0.00;26.05;0.00;0.00;0.00;0.00;0.00;0.00;1.51
80231;0.00;0.00;51.21;10.87;0.00;12.67;8.75;0.00;0.00;0.08
80232;2.92;0.00;14.85;0.00;0.00;0.00;0.00;0.00;0.00;0.78
80233;38.49;0.00;185.01;0.00;0.00;0.00;0.00;0.00;0.00;10.68
80234;5.35;0.00;27.65;0.00;0.00;0.00;0.00;0.00;0.00;1.79
80235;3.87;0.00;20.05;0.00;0.00;0.00;0.00;0.00;0.00;1.15
80236;5.60;0.00;29.85;0.00;0.00;0.00;0.00;0.00;0.00;1.77
80237;50.15;718.05;0.00;0.00;0.00;0.00;0.00;0.00;0.00;0.00
80238;0.00;0.00;0.00;0.00;0.00;0.00;0.00;0.00;0.00;0.00
80239;0.00;0.00;0.00;0.00;0.00;0.00;0.00;0.00;0.00;0.00
80240;0.00;0.00;0.00;0.00;0.00;0.00;0.00;0.00;0.00;0.00
80241;0.00;0.00;0.00;0.00;0.00;0.00;0.00;0.00;0.00;0.00
80242;0.00;0.00;0.00;0.00;0.00;0.00;0.00;0.00;0.00;0.00
80243;0.00;0.00;0.00;0.00;0.00;0.00;0.00;0.00;0.00;0.00
80244;0.00;0.00;0.00;0.00;0.00;0.00;0.00;0.00;0.00;0.00
80245;0.00;0.00;0.00;0.00;0.00;0.00;0.00;0.00;0.00;0.00
80246;0.00;0.00;0.00;0.00;0.00;0.00;0.00;0.00;0.00;0.00
80247;0.00;0.00;0.00;0.00;0.00;0.00;0.00;0.00;0.00;0.00
80248;0.00;0.00;0.00;0.00;0.00;0.00;0.00;0.00;0.00;0.00
80249;0.00;0.00;0.00;0.00;0.00;0.00;0.00;0.00;0.00;0.00
80250;0.00;0.00;0.00;0.00;0.00;0.00;0.00;0.00;0.00;0.00
80251;0.00;0.00;0.00;0.00;0.00;0.00;0.00;0.00;0.00;0.00
80252;0.00;0.00;0.00;0.00;0.00;0.00;0.00;0.00;0.00;0.00
80253;0.00;0.00;0.00;0.00;0.00;0.00;0.00;0.00;0.00;0.00
80254;0.00;0.00;0.00;0.00;0.00;0.00;0.00;0.00;0.00;0.00
80255;4.22;0.00;17.74;0.00;0.00;0.00;0.00;0.00;0.00;1.06
80256;0.00;0.00;0.00;0.00;0.00;0.00;0.00;0.00;0.00;0.00
80257;0.00;0.00;0.00;0.00;0.00;0.00;0.00;0.00;0.00;0.00
80258;0.00;0.00;0.00;0.00;0.00;0.00;0.00;0.00;0.00;0.00
80259;0.00;0.00;0.00;0.00;0.00;0.00;0.00;0.00;0.00;0.00
80260;0.00;0.00;0.00;0.00;0.00;0.00;0.00;0.00;0.00;0.00
80261;0.00;0.00;0.00;0.00;0.00;0.00;0.00;0.00;0.00;0.00
80262;0.00;0.00;0.00;0.00;0.00;0.00;0.00;0.00;0.00;0.00
80263;0.00;0.00;0.00;0.00;0.00;0.00;0.00;0.00;0.00;0.00
80264;0.00;0.00;0.00;0.00;0.00;0.00;0.00;0.00;0.00;0.00
80265;0.00;0.00;0.00;0.00;0.00;0.00;0.00;0.00;0.00;0.00
80266;0.00;0.00;0.00;0.00;0.00;0.00;0.00;0.00;0.00;0.00
80267;0.00;0.00;0.00;0.00;0.00;0.00;0.00;0.00;0.00;0.00
80268;0.00;0.00;0.00;0.00;0.00;0.00;0.00;0.00;0.00;0.00
80269;0.00;0.00;0.00;0.00;0.00;0.00;0.00;0.00;0.00;0.00
80270;0.00;0.00;0.00;0.00;0.00;0.00;0.00;0.00;0.00;0.00
80271;0.00;0.00;0.00;0.00;0.00;0.00;0.00;0.00;0.00;0.00
80272;0.00;0.00;0.00;0.00;0.00;0.00;0.00;0.00;0.00;0.00
80273;0.00;0.00;0.00;0.00;0.00;0.00;0.00;0.00;0.00;0.00
80274;0.00;0.00;0.00;0.00;0.00;0.00;0.00;0.00;0.00;0.00
80275;0.00;0.00;0.00;0.00;0.00;0.00;0.00;0.00;0.00;0.00
80276;0.00;0.00;0.00;0.00;0.00;0.00;0.00;0.00;0.00;0.00
80277;0.00;0.00;0.00;0.00;0.00;0.00;0.00;0.00;0.00;0.00
80278;0.00;0.00;0.00;0.00;0.00;0.00;0.00;0.00;0.00;0.00
80279;0.00;0.00;0.00;0.00;0.00;0.00;0.00;0.00;0.00;0.00
80280;0.00;0.00;0.00;0.00;0.00;0.00;0.00;0.00;0.00;0.00
80281;0.00;0.00;0.00;0.00;0.00;0.00;0.00;0.00;0.00;0.00
80282;0.00;0.00;0.00;0.00;0.00;0.00;0.00;0.00;0.00;0.00
80283;0.00;0.00;0.00;0.00;0.00;0.00;0.00;0.00;0.00;0.00
80284;0.00;0.00;0.00;0.00;0.00;0.00;0.00;0.00;0.00;0.00
80285;0.00;0.00;0.00;0.00;0.00;0.00;0.00;0.00;0.00;0.00
80286;0.00;0.00;0.00;0.00;0.00;0.00;0.00;0.00;0.00;0.00
80287;0.00;0.00;0.00;0.00;0.00;0.00;0.00;0.00;0.00;0.00
80288;0.00;0.00;1.37;0.00;0.00;0.00;0.00;0.00;0.00;0.00
80289;0.00;0.00;0.00;0.00;0.00;0.00;0.00;0.00;0.00;0.00
80290;0.00;0.00;0.00;0.00;0.00;0.00;0.00;0.00;0.00;0.00
80291;0.00;0.00;0.00;0.00;0.00;0.00;0.00;0.00;0.00;0.00
80292;0.00;0.00;0.00;0.00;0.00;0.00;0.00;0.00;0.00;0.00
80293;0.00;0.00;0.00;0.00;0.00;0.00;0.00;0.00;0.00;0.00
80294;0.00;0.00;0.00;0.00;0.00;0.00;0.00;0.00;0.00;0.00
80295;0.00;0.00;0.00;0.00;0.00;0.00;0.00;0.00;0.00;0.00
80296;0.00;0.00;0.00;0.00;0.00;0.00;0.00;0.00;0.00;0.00
80298;0.00;0.00;13.87;0.00;0.00;0.00;0.00;0.00;0.00;0.00
80299;0.00;0.00;0.00;0.00;0.00;0.00;0.00;0.00;0.00;0.00
80300;0.00;0.00;0.00;0.00;0.00;0.00;0.00;0.00;0.00;0.00
80301;0.00;0.00;0.00;0.00;0.00;0.00;0.00;0.00;0.00;0.00
80302;0.00;0.00;0.00;0.00;0.00;0.00;0.00;0.00;0.00;0.00
80303;0.00;0.00;0.00;0.00;0.00;0.00;0.00;0.00;0.00;0.00
80304;0.00;0.00;0.00;0.00;0.00;0.00;0.00;0.00;0.00;0.00
80305;0.00;0.00;0.00;0.00;0.00;0.00;0.00;0.00;0.00;0.00
80306;0.00;0.00;0.00;0.00;0.00;0.00;0.00;0.00;0.00;0.00
80307;0.00;0.00;0.00;0.00;0.00;0.00;0.00;0.00;0.00;0.00
80308;0.00;0.00;0.00;0.00;0.00;0.00;0.00;0.00;0.00;0.00
80309;0.00;0.00;0.00;0.00;0.00;0.00;0.00;0.00;0.00;0.00
80310;0.00;0.00;0.00;0.00;0.00;0.00;0.00;0.00;0.00;0.00
80311;0.00;0.00;0.00;0.00;0.00;0.00;0.00;0.00;0.00;0.00
80312;0.00;0.00;0.00;0.00;0.00;0.00;0.00;0.00;0.00;0.00
80313;0.00;0.00;0.00;0.00;0.00;0.00;0.00;0.00;0.00;0.00
80314;0.00;0.00;0.00;0.00;0.00;0.00;0.00;0.00;0.00;0.00
80315;0.00;0.00;0.00;0.00;0.00;0.00;0.00;0.00;0.00;0.00
80316;0.00;0.00;0.00;0.00;0.00;0.00;0.00;0.00;0.00;0.00
80317;0.00;0.00;0.00;0.00;0.00;0.00;0.00;0.00;0.00;0.00
80318;0.00;0.00;0.00;0.00;0.00;0.00;0.00;0.00;0.00;0.00
80319;0.00;0.00;0.00;0.00;0.00;0.00;0.00;0.00;0.00;0.00
80320;0.00;0.00;0.00;0.00;0.00;0.00;0.00;0.00;0.00;0.00
80321;0.00;0.00;0.00;0.00;0.00;0.00;0.00;0.00;0.00;0.00
80322;0.00;0.00;0.00;0.00;0.00;0.00;0.00;0.00;0.00;0.00
80323;0.00;0.00;0.00;0.00;0.00;0.00;0.00;0.00;0.00;0.00
80324;0.00;0.00;0.00;0.00;0.00;0.00;0.00;0.00;0.00;0.00
80325;0.00;0.00;0.00;0.00;0.00;0.00;0.00;0.00;0.00;0.00
80326;0.00;0.00;0.00;0.00;0.00;0.00;0.00;0.00;0.00;0.00
80327;0.00;0.00;0.00;0.00;0.00;0.00;0.00;0.00;0.00;0.00
80328;0.00;0.00;0.00;0.00;0.00;0.00;0.00;0.00;0.00;0.00
80329;0.00;0.00;0.00;0.00;0.00;0.00;0.00;0.00;0.00;0.00
80330;0.00;0.00;0.00;0.00;0.00;0.00;0.00;0.00;0.00;0.00
80331;0.00;0.00;0.00;0.00;0.00;0.00;0.00;0.00;0.00;0.00
80332;0.00;0.00;0.00;0.00;0.00;0.00;0.00;0.00;0.00;0.00
80333;0.00;0.00;0.00;0.00;0.00;0.00;0.00;0.00;0.00;0.00
80334;0.00;0.00;0.00;0.00;0.00;0.00;0.00;0.00;0.00;0.00
80335;0.00;0.00;0.00;0.00;0.00;0.00;0.00;0.00;0.00;0.00
80336;0.00;0.00;0.00;0.00;0.00;0.00;0.00;0.00;0.00;0.00
80337;0.00;0.00;0.00;0.00;0.00;0.00;0.00;0.00;0.00;0.00
80338;0.00;0.00;0.00;0.00;0.00;0.00;0.00;0.00;0.00;0.00
80339;0.00;0.00;0.00;0.00;0.00;0.00;0.00;0.00;0.00;0.00
80340;0.00;0.00;0.00;0.00;0.00;0.00;0.00;0.00;0.00;0.00
80341;0.00;0.00;0.00;0.00;0.00;0.00;0.00;0.00;0.00;0.00
80342;0.00;0.00;0.00;0.00;0.00;0.00;0.00;0.00;0.00;0.00
80344;0.00;0.00;0.00;0.00;0.00;0.00;0.00;0.00;0.00;0.00
80345;0.00;0.00;0.00;0.00;0.00;0.00;0.00;0.00;0.00;0.00
80346;0.00;0.00;0.00;0.00;0.00;0.00;0.00;0.00;0.00;0.00
80347;0.00;0.00;0.00;0.00;0.00;0.00;0.00;0.00;0.00;0.00
80348;0.00;0.00;0.00;0.00;0.00;0.00;0.00;0.00;0.00;0.00
80349;0.00;0.00;0.00;0.00;0.00;0.00;0.00;0.00;0.00;0.00
80350;0.00;0.00;0.00;0.00;0.00;0.00;0.00;0.00;0.00;0.00
80351;0.00;0.00;0.00;0.00;0.00;0.00;0.00;0.00;0.00;0.00
80352;0.00;0.00;0.00;0.00;0.00;0.00;0.00;0.00;0.00;0.00
80353;0.00;0.00;0.00;0.00;0.00;0.00;0.00;0.00;0.00;0.00
80354;0.70;0.00;2.85;0.00;0.00;0.00;0.00;0.00;0.00;0.16
80355;0.00;0.00;0.00;0.00;0.00;0.00;0.00;0.00;0.00;0.00
80359;0.00;0.00;0.00;0.00;0.00;0.00;0.00;0.00;0.00;0.00
80360;3.67;0.00;18.51;0.00;0.00;0.00;0.00;0.00;0.00;1.05
80361;0.00;0.00;0.00;0.00;0.00;0.00;0.00;0.00;0.00;0.00
80362;0.00;0.00;0.00;0.00;0.00;0.00;0.00;0.00;0.00;0.00
80363;1.44;0.00;7.32;0.00;0.00;0.00;0.00;0.00;0.00;0.45
80364;0.00;0.00;0.00;0.00;0.00;0.00;0.00;0.00;0.00;0.00
80365;0.00;0.00;0.00;0.00;0.00;0.00;0.00;0.00;0.00;0.00
80366;0.00;0.00;0.00;0.00;0.00;0.00;0.00;0.00;0.00;0.00
80367;1.93;0.00;10.17;0.00;0.00;0.00;0.00;0.00;0.00;0.63
80368;0.00;0.00;0.00;0.00;0.00;0.00;0.00;0.00;0.00;0.00
80369;0.00;0.00;0.00;0.00;0.00;0.00;0.00;0.00;0.00;0.00
80370;0.00;0.00;0.00;0.00;0.00;0.00;0.00;0.00;0.00;0.00
80371;0.00;0.00;0.00;0.00;0.00;0.00;0.00;0.00;0.00;0.00
80372;0.00;0.00;0.00;0.00;0.00;0.00;0.00;0.00;0.00;0.00
80373;0.00;0.00;0.00;0.00;0.00;0.00;0.00;0.00;0.00;0.00
80374;0.00;0.00;0.00;0.00;0.00;0.00;0.00;0.00;0.00;0.00
80375;0.00;0.00;0.00;0.00;0.00;0.00;0.00;0.00;0.00;0.00
80376;0.00;0.00;0.00;0.00;0.00;0.00;0.00;0.00;0.00;0.00
80377;0.00;0.00;0.00;0.00;0.00;0.00;0.00;0.00;0.00;0.00
80378;0.00;0.00;0.00;0.00;0.00;0.00;0.00;0.00;0.00;0.00
80382;0.00;0.00;0.00;0.00;0.00;0.00;0.00;0.00;0.00;0.00
80385;0.00;0.00;0.00;0.00;0.00;0.00;0.00;0.00;0.00;0.00
80387;0.00;0.00;0.00;0.00;0.00;0.00;0.00;0.00;0.00;0.00
80388;0.00;0.00;0.00;0.00;0.00;0.00;0.00;0.00;0.00;0.00
80389;0.00;0.00;0.00;0.00;0.00;0.00;0.00;0.00;0.00;0.00
80390;0.00;0.00;0.00;0.00;0.00;0.00;0.00;0.00;0.00;0.00
80391;0.00;0.00;0.00;0.00;0.00;0.00;0.00;0.00;0.00;0.00
80392;0.00;0.00;0.00;0.00;0.00;0.00;0.00;0.00;0.00;0.00
80393;0.00;0.00;0.00;0.00;0.00;0.00;0.00;0.00;0.00;0.00
80394;0.00;0.00;0.00;0.00;0.00;0.00;0.00;0.00;0.00;0.00
80395;0.00;0.00;0.00;0.00;0.00;0.00;0.00;0.00;0.00;0.00
80396;0.00;0.00;0.00;0.00;0.00;0.00;0.00;0.00;0.00;0.00
80397;0.00;0.00;0.00;0.00;0.00;0.00;0.00;0.00;0.00;0.00
80398;0.00;0.00;0.00;0.00;0.00;0.00;0.00;0.00;0.00;0.00
80399;0.00;0.00;0.00;0.00;0.00;0.00;0.00;0.00;0.00;0.00
80400;0.00;0.00;0.00;0.00;0.00;0.00;0.00;0.00;0.00;0.00
80401;0.00;0.00;0.00;0.00;0.00;0.00;0.00;0.00;0.00;0.00
80402;2.94;0.00;12.10;0.00;0.00;0.00;0.00;0.00;0.00;0.69
80403;0.00;0.00;0.00;0.00;0.00;0.00;0.00;0.00;0.00;0.00
80404;0.00;0.00;0.00;0.00;0.00;0.00;0.00;0.00;0.00;0.00
80405;0.00;0.00;0.00;0.00;0.00;0.00;0.00;0.00;0.00;0.00
80406;0.00;0.00;0.00;0.00;0.00;0.00;0.00;0.00;0.00;0.00
80407;0.00;0.00;0.00;0.00;0.00;0.00;0.00;0.00;0.00;0.00
80408;0.00;0.00;0.00;0.00;0.00;0.00;0.00;0.00;0.00;0.00
80409;0.00;0.00;0.00;0.00;0.00;0.00;0.00;0.00;0.00;0.00
80410;0.00;0.00;0.00;0.00;0.00;0.00;0.00;0.00;0.00;0.00
80411;0.00;0.00;0.00;0.00;0.00;0.00;0.00;0.00;0.00;0.00
80412;0.00;0.00;0.00;0.00;0.00;0.00;0.00;0.00;0.00;0.00
80413;0.00;0.00;0.00;0.00;0.00;0.00;0.00;0.00;0.00;0.00
80414;0.00;0.00;0.00;0.00;0.00;0.00;0.00;0.00;0.00;0.00
80415;0.00;0.00;0.00;0.00;0.00;0.00;0.00;0.00;0.00;0.00
80416;0.00;0.00;0.00;0.00;0.00;0.00;0.00;0.00;0.00;0.00
80417;0.00;0.00;0.00;0.00;0.00;0.00;0.00;0.00;0.00;0.00
80418;0.00;0.00;0.00;0.00;0.00;0.00;0.00;0.00;0.00;0.00
80419;0.00;0.00;0.00;0.00;0.00;0.00;0.00;0.00;0.00;0.00
80420;0.00;0.00;0.00;0.00;0.00;0.00;0.00;0.00;0.00;0.00
80421;0.00;0.00;0.00;0.00;0.00;0.00;0.00;0.00;0.00;0.00
80422;0.00;0.00;0.00;0.00;0.00;0.00;0.00;0.00;0.00;0.00
80423;0.00;0.00;0.00;0.00;0.00;0.00;0.00;0.00;0.00;0.00
80424;0.00;0.00;0.00;0.00;0.00;0.00;0.00;0.00;0.00;0.00
80425;0.00;0.00;0.00;0.00;0.00;0.00;0.00;0.00;0.00;0.00
80426;0.00;0.00;0.00;0.00;0.00;0.00;0.00;0.00;0.00;0.00
80427;0.00;0.00;0.00;0.00;0.00;0.00;0.00;0.00;0.00;0.00
80428;0.00;0.00;0.00;0.00;0.00;0.00;0.00;0.00;0.00;0.00
80429;0.00;0.00;0.00;0.00;0.00;0.00;0.00;0.00;0.00;0.00
80430;0.00;0.00;0.00;0.00;0.00;0.00;0.00;0.00;0.00;0.00
80431;0.00;0.00;0.00;0.00;0.00;0.00;0.00;0.00;0.00;0.00
80432;0.00;0.00;0.00;0.00;0.00;0.00;0.00;0.00;0.00;0.00
80433;0.00;0.00;0.00;0.00;0.00;0.00;0.00;0.00;0.00;0.00
80434;0.00;0.00;0.00;0.00;0.00;0.00;0.00;0.00;0.00;0.00
80435;0.00;0.00;0.13;0.00;0.00;0.00;0.00;0.00;0.00;0.00
80436;0.00;0.00;0.00;0.00;0.00;0.00;0.00;0.00;0.00;0.00
80437;0.00;0.00;0.00;0.00;0.00;0.00;0.00;0.00;0.00;0.00
80438;0.00;0.00;0.00;0.00;0.00;0.00;0.00;0.00;0.00;0.00
80439;0.00;0.00;0.00;0.00;0.00;0.00;0.00;0.00;0.00;0.00
80440;0.00;0.00;0.00;0.00;0.00;0.00;0.00;0.00;0.00;0.00
80441;0.00;0.00;0.00;0.00;0.00;0.00;0.00;0.00;0.00;0.00
80442;0.00;0.00;0.00;0.00;0.00;0.00;0.00;0.00;0.00;0.00
80443;0.00;0.00;0.00;0.00;0.00;0.00;0.00;0.00;0.00;0.00
80444;0.00;0.00;0.00;0.00;0.00;0.00;0.00;0.00;0.00;0.00
80445;0.00;0.00;0.00;0.00;0.00;0.00;0.00;0.00;0.00;0.00
80446;0.00;0.00;0.00;0.00;0.00;0.00;0.00;0.00;0.00;0.00
80447;0.00;0.00;0.00;0.00;0.00;0.00;0.00;0.00;0.00;0.00
80448;0.00;0.00;0.00;0.00;0.00;0.00;0.00;0.00;0.00;0.00
80449;0.00;0.00;0.00;0.00;0.00;0.00;0.00;0.00;0.00;0.00
80450;0.00;0.00;0.00;0.00;0.00;0.00;0.00;0.00;0.00;0.00
80451;0.00;0.00;0.00;0.00;0.00;0.00;0.00;0.00;0.00;0.00
80452;0.00;0.00;0.00;0.00;0.00;0.00;0.00;0.00;0.00;0.00
80453;0.00;0.00;0.00;0.00;0.00;0.00;0.00;0.00;0.00;0.00
80454;0.00;0.00;0.00;0.00;0.00;0.00;0.00;0.00;0.00;0.00
80455;0.00;0.00;0.00;0.00;0.00;0.00;0.00;0.00;0.00;0.00
80456;0.00;0.00;0.00;0.00;0.00;0.00;0.00;0.00;0.00;0.00
80457;0.00;0.00;0.00;0.00;0.00;0.00;0.00;0.00;0.00;0.00
80459;0.00;0.00;0.00;0.00;0.00;0.00;0.00;0.00;0.00;0.00
80460;0.00;0.00;0.00;0.00;0.00;0.00;0.00;0.00;0.00;0.00
80461;0.00;0.00;0.00;0.00;0.00;0.00;0.00;0.00;0.00;0.00
80462;0.00;0.00;0.00;0.00;0.00;0.00;0.00;0.00;0.00;0.00
80463;0.00;0.00;0.00;0.00;0.00;0.00;0.00;0.00;0.00;0.00
80464;0.00;0.00;0.00;0.00;0.00;0.00;0.00;0.00;0.00;0.00
80465;0.00;0.00;0.00;0.00;0.00;0.00;0.00;0.00;0.00;0.00
80466;0.00;0.00;0.00;0.00;0.00;0.00;0.00;0.00;0.00;0.00
80467;0.00;0.00;0.00;0.00;0.00;0.00;0.00;0.00;0.00;0.00
80468;0.00;0.00;0.00;0.00;0.00;0.00;0.00;0.00;0.00;0.00
80473;0.00;0.00;0.00;0.00;0.00;0.00;0.00;0.00;0.00;0.00
80474;1.88;0.00;6.24;0.00;0.00;0.00;0.00;0.00;0.00;0.37
80475;0.00;0.00;0.00;0.00;0.00;0.00;0.00;0.00;0.00;0.00
80476;0.00;0.00;0.00;0.00;0.00;0.00;0.00;0.00;0.00;0.00
80477;0.00;0.00;0.00;0.00;0.00;0.00;0.00;0.00;0.00;0.00
80478;0.00;0.00;0.00;0.00;0.00;0.00;0.00;0.00;0.00;0.00
80479;0.00;0.00;0.00;0.00;0.00;0.00;0.00;0.00;0.00;0.00
80480;0.00;0.00;0.00;0.00;0.00;0.00;0.00;0.00;0.00;0.00
80481;0.00;0.00;0.00;0.00;0.00;0.00;0.00;0.00;0.00;0.00
80482;0.00;0.00;0.00;0.00;0.00;0.00;0.00;0.00;0.00;0.00
80483;0.00;0.00;0.00;0.00;0.00;0.00;0.00;0.00;0.00;0.00
80484;0.00;0.00;0.00;0.00;0.00;0.00;0.00;0.00;0.00;0.00
80485;0.00;0.00;0.00;0.00;0.00;0.00;0.00;0.00;0.00;0.00
80486;0.00;0.00;0.00;0.00;0.00;0.00;0.00;0.00;0.00;0.00
80487;0.00;0.00;0.00;0.00;0.00;0.00;0.00;0.00;0.00;0.00
80489;0.00;0.00;0.00;0.00;0.00;0.00;0.00;0.00;0.00;0.00
80490;0.00;0.00;0.00;0.00;0.00;0.00;0.00;0.00;0.00;0.00
80491;0.00;0.00;0.00;0.00;0.00;0.00;0.00;0.00;0.00;0.00
1000000;0.00;0.00;0.00;0.00;0.00;0.00;0.00;0.00;0.00;0.00
1000001;0.00;0.00;0.00;0.00;0.00;0.00;0.00;0.00;0.00;0.00
1000002;0.00;0.00;0.00;0.00;0.00;0.00;0.00;0.00;0.00;0.00
1000003;0.00;0.00;0.00;0.00;0.00;0.00;0.00;0.00;0.00;0.00
1000004;0.00;0.00;0.00;0.00;0.00;0.00;0.00;0.00;0.00;0.00
1000005;0.00;0.00;0.00;0.00;0.00;0.00;0.00;0.00;0.00;0.00
1000006;0.00;0.00;0.00;0.00;0.00;0.00;0.00;0.00;0.00;0.00
1000007;0.00;0.00;0.00;0.00;0.00;0.00;0.00;0.00;0.00;0.00
1000008;0.00;0.00;0.00;0.00;0.00;0.00;0.00;0.00;0.00;0.00
1000009;0.00;0.00;0.00;0.00;0.00;0.00;0.00;0.00;0.00;0.00
1000010;0.00;0.00;0.00;0.00;0.00;0.00;0.00;0.00;0.00;0.00
1000011;0.00;0.00;0.00;0.00;0.00;0.00;0.00;0.00;0.00;0.00
1000012;0.00;0.00;0.00;0.00;0.00;0.00;0.00;0.00;0.00;0.00
1000013;0.00;0.00;0.00;0.00;0.00;0.00;0.00;0.00;0.00;0.00
1000014;0.00;0.00;0.00;0.00;0.00;0.00;0.00;0.00;0.00;0.00
1000015;0.00;0.00;0.00;0.00;0.00;0.00;0.00;0.00;0.00;0.00
1000016;0.00;0.00;0.00;0.00;0.00;0.00;0.00;0.00;0.00;0.00
1000017;0.00;0.00;0.00;0.00;0.00;0.00;0.00;0.00;0.00;0.00
1000018;0.00;0.00;0.00;0.00;0.00;0.00;0.00;0.00;0.00;0.00
1000019;0.00;0.00;0.00;0.00;0.00;0.00;0.00;0.00;0.00;0.00
1000020;0.00;0.00;0.00;0.00;0.00;0.00;0.00;0.00;0.00;0.00
1000021;0.00;0.00;0.00;0.00;0.00;0.00;0.00;0.00;0.00;0.00
1000022;0.00;0.00;0.00;0.00;0.00;0.00;0.00;0.00;0.00;0.00
1000023;0.00;0.00;0.00;0.00;0.00;0.00;0.00;0.00;0.00;0.00
1000024;0.00;0.00;0.00;0.00;0.00;0.00;0.00;0.00;0.00;0.00
1000025;0.00;0.00;0.00;0.00;0.00;0.00;0.00;0.00;0.00;0.00
1000026;0.00;0.00;0.00;0.00;0.00;0.00;0.00;0.00;0.00;0.00
1000027;0.00;0.00;0.00;0.00;0.00;0.00;0.00;0.00;0.00;0.00
1000028;0.00;0.00;0.00;0.00;0.00;0.00;0.00;0.00;0.00;0.00
1000029;0.00;0.00;0.00;0.00;0.00;0.00;0.00;0.00;0.00;0.00
1000030;0.00;0.00;0.00;0.00;0.00;0.00;0.00;0.00;0.00;0.00
1000031;0.00;0.00;0.00;0.00;0.00;0.00;0.00;0.00;0.00;0.00
1000032;0.00;0.00;0.00;0.00;0.00;0.00;0.00;0.00;0.00;0.00
1000033;0.00;0.00;0.00;0.00;0.00;0.00;0.00;0.00;0.00;0.00
1000034;0.00;0.00;0.00;0.00;0.00;0.00;0.00;0.00;0.00;0.00
1000035;0.00;0.00;0.00;0.00;0.00;0.00;0.00;0.00;0.00;0.00
1000036;0.00;0.00;0.00;0.00;0.00;0.00;0.00;0.00;0.00;0.00
1000037;0.00;0.00;0.00;0.00;0.00;0.00;0.00;0.00;0.00;0.00
1000038;0.00;0.00;0.00;0.00;0.00;0.00;0.00;0.00;0.00;0.00
1000039;0.00;0.00;0.00;0.00;0.00;0.00;0.00;0.00;0.00;0.00
1000040;0.00;0.00;0.00;0.00;0.00;0.00;0.00;0.00;0.00;0.00
1000041;0.00;0.00;0.00;0.00;0.00;0.00;0.00;0.00;0.00;0.00
1000042;0.00;0.00;0.00;0.00;0.00;0.00;0.00;0.00;0.00;0.00
1000043;0.00;0.00;0.00;0.00;0.00;0.00;0.00;0.00;0.00;0.00
1000044;0.00;0.00;0.00;0.00;0.00;0.00;0.00;0.00;0.00;0.00
1000045;0.00;0.00;0.00;0.00;0.00;0.00;0.00;0.00;0.00;0.00
1000046;0.00;0.00;0.00;0.00;0.00;0.00;0.00;0.00;0.00;0.00
1000047;0.00;0.00;0.00;0.00;0.00;0.00;0.00;0.00;0.00;0.00
1000048;0.00;0.00;0.00;0.00;0.00;0.00;0.00;0.00;0.00;0.00
1000049;0.00;0.00;0.00;0.00;0.00;0.00;0.00;0.00;0.00;0.00
1000050;0.00;0.00;0.00;0.00;0.00;0.00;0.00;0.00;0.00;0.00
1000051;0.00;0.00;0.00;0.00;0.00;0.00;0.00;0.00;0.00;0.00
1000052;0.00;0.00;0.00;0.00;0.00;0.00;0.00;0.00;0.00;0.00
1000053;0.00;0.00;0.00;0.00;0.00;0.00;0.00;0.00;0.00;0.00
1000054;0.00;0.00;0.00;0.00;0.00;0.00;0.00;0.00;0.00;0.00
1000055;0.00;0.00;0.00;0.00;0.00;0.00;0.00;0.00;0.00;0.00
1000056;0.00;0.00;0.00;0.00;0.00;0.00;0.00;0.00;0.00;0.00
1000057;0.00;0.00;0.00;0.00;0.00;0.00;0.00;0.00;0.00;0.00
1000058;0.00;335.64;0.00;0.00;0.00;0.00;0.00;0.00;0.00;0.00
1000059;0.00;134.98;0.00;0.00;0.00;0.00;0.00;0.00;0.00;0.00
1000060;0.00;0.00;0.00;0.00;0.00;0.00;0.00;0.00;0.00;0.00
1000061;0.00;0.00;0.00;0.00;0.00;0.00;0.00;0.00;0.00;0.00
1000062;0.00;0.00;0.00;0.00;0.00;0.00;0.00;0.00;0.00;0.00
1000063;0.00;0.00;0.00;0.00;0.00;0.00;0.00;0.00;0.00;0.00
1000064;0.00;0.00;0.00;0.00;0.00;0.00;0.00;0.00;0.00;0.00
1000065;0.00;0.00;0.00;0.00;0.00;0.00;0.00;0.00;0.00;0.00
1000066;0.00;0.00;0.00;0.00;0.00;0.00;0.00;0.00;0.00;0.00
1000067;0.00;0.00;0.00;0.00;0.00;0.00;0.00;0.00;0.00;0.00
1000068;0.00;0.00;0.00;0.00;0.00;0.00;0.00;0.00;0.00;0.00
1000069;0.00;0.00;0.00;0.00;0.00;0.00;0.00;0.00;0.00;0.00
1000070;0.00;0.00;0.00;0.00;0.00;0.00;0.00;0.00;0.00;0.00
1000071;0.00;0.00;0.00;0.00;0.00;0.00;0.00;0.00;0.00;0.00
1000072;0.00;2 584.79;0.00;0.00;0.00;0.00;0.00;0.00;0.00;0.00
1000073;0.00;0.00;0.00;1 152.59;0.00;0.00;71.76;0.00;0.00;0.00
1000074;0.00;0.00;0.00;0.00;2.30;0.00;0.00;0.00;0.00;0.00
1000075;0.00;0.00;0.00;1 073.86;0.00;0.00;976.09;0.00;0.00;0.00
1000076;0.00;0.00;0.00;3.30;0.00;0.00;18.15;0.00;0.00;0.00
1000077;0.00;0.00;0.00;0.00;0.00;0.00;0.00;0.00;0.00;0.00
1000078;0.00;0.00;0.00;0.00;0.00;0.00;0.00;0.00;0.00;0.00
1000079;0.00;0.00;0.00;0.00;0.00;0.00;0.00;0.00;0.00;0.00
1000080;0.00;0.00;0.00;0.00;0.00;0.00;0.00;0.00;0.00;0.00
1000081;0.00;0.00;0.00;0.00;0.00;0.00;0.00;0.00;0.00;0.00
1000082;0.00;0.00;0.00;0.00;0.00;0.00;0.00;0.00;0.00;0.00
1000083;0.00;0.00;0.00;0.00;0.00;0.00;0.00;0.00;0.00;0.00
1000084;0.00;0.00;0.00;0.00;0.00;0.00;0.00;0.00;0.00;0.00
1000085;0.00;0.00;0.00;0.00;0.00;0.00;0.00;0.00;0.00;0.00
1000086;0.00;0.00;0.00;0.00;0.00;0.00;0.00;0.00;0.00;0.00
1000087;0.00;0.00;0.00;0.00;0.00;0.00;0.00;0.00;0.00;0.00
1000088;0.00;0.00;0.00;0.00;0.00;0.00;0.00;0.00;0.00;0.00
1000089;0.00;0.00;0.00;0.00;0.00;0.00;0.00;0.00;0.00;0.00
1000090;0.00;0.00;0.00;0.00;0.00;0.00;0.00;0.00;0.00;0.00
1000091;0.00;0.00;0.00;0.00;0.00;0.00;0.00;0.00;0.00;0.00
1000092;0.00;0.00;0.00;0.00;0.00;0.00;0.00;0.00;0.00;0.00
1000093;0.00;0.00;0.00;0.00;0.00;0.00;0.00;0.00;0.00;0.00
1000094;0.00;0.00;0.00;0.00;0.00;0.00;0.00;0.00;0.00;0.00
1000095;0.00;0.00;0.00;0.00;0.00;0.00;0.00;0.00;0.00;0.00
1000096;0.00;0.00;0.00;0.00;0.00;0.00;0.00;0.00;0.00;0.00
1000097;0.00;0.00;0.00;0.00;0.00;0.00;0.00;0.00;0.00;0.00
1000098;0.00;0.00;0.00;0.00;0.00;0.00;0.00;0.00;0.00;0.00
1000099;0.00;0.00;0.00;0.00;0.00;0.00;0.00;0.00;0.00;0.00
1000100;0.00;0.00;0.00;0.00;0.00;0.00;0.00;0.00;0.00;0.00
1000101;0.00;0.00;0.00;0.00;0.00;0.00;0.00;0.00;0.00;0.00
1000102;0.00;0.00;0.00;0.00;0.00;0.00;0.00;0.00;0.00;0.00
1000103;0.00;0.00;0.00;0.00;0.00;0.00;0.00;0.00;0.00;0.00
1000104;0.00;0.00;0.00;0.00;0.00;0.00;0.00;0.00;0.00;0.00
1000105;0.00;0.00;0.00;0.00;0.00;0.00;0.00;0.00;0.00;0.00
1000106;0.00;0.00;0.00;0.00;0.00;0.00;0.00;0.00;0.00;0.00
1000107;0.00;0.00;0.00;0.00;0.00;0.00;0.00;0.00;0.00;0.00
1000108;0.00;0.00;0.00;0.00;0.00;0.00;0.00;0.00;0.00;0.00
1000109;0.00;0.00;0.00;0.00;0.00;0.00;0.00;0.00;0.00;0.00
1000110;0.00;0.00;0.00;0.00;0.00;0.00;0.00;0.00;0.00;0.00
1000111;0.00;0.00;0.00;0.00;0.00;0.00;0.00;0.00;0.00;0.00
1000112;0.00;0.00;0.00;0.00;0.00;0.00;0.00;0.00;0.00;0.00
1000113;0.00;0.00;0.00;0.00;0.00;0.00;0.00;0.00;0.00;0.00
1000114;0.00;0.00;0.00;0.00;0.00;0.00;0.00;0.00;0.00;0.00
1000115;0.00;0.00;0.00;0.00;0.00;0.00;0.00;0.00;0.00;0.00
1000116;0.00;0.00;0.00;0.00;0.00;0.00;0.00;0.00;0.00;0.00
1000117;0.00;0.00;0.00;0.00;0.00;0.00;0.00;0.00;0.00;0.00
1000118;0.00;0.00;0.00;0.00;0.00;0.00;0.00;0.00;0.00;0.00
1000119;0.00;0.00;0.00;0.00;0.00;0.00;0.00;0.00;0.00;0.00
1000120;0.00;0.00;0.00;0.00;0.00;0.00;0.00;0.00;0.00;0.00
1000121;0.00;0.00;0.00;0.00;0.00;0.00;0.00;0.00;0.00;0.00
1000122;0.00;0.00;0.00;0.00;0.00;0.00;0.00;0.00;0.00;0.00
1000123;0.00;0.00;0.00;0.00;0.00;0.00;0.00;0.00;0.00;0.00
1000124;0.00;0.00;0.00;0.00;0.00;0.00;0.00;0.00;0.00;0.00
1000125;0.00;0.00;0.00;0.00;0.00;0.00;0.00;0.00;0.00;0.00
1000126;0.00;0.00;0.00;0.00;0.00;0.00;0.00;0.00;0.00;0.00
1000127;0.00;0.00;0.00;0.00;0.00;0.00;0.00;0.00;0.00;0.00
1000128;0.00;0.00;0.00;0.00;0.00;0.00;0.00;0.00;0.00;0.00
1000129;0.00;0.00;0.00;0.00;0.00;0.00;0.00;0.00;0.00;0.00
1000130;0.00;0.00;0.00;0.00;0.00;0.00;0.00;0.00;0.00;0.00
1000131;0.00;0.00;0.00;0.00;0.00;0.00;0.00;0.00;0.00;0.00
1000132;0.00;0.00;0.00;0.00;0.00;0.00;0.00;0.00;0.00;0.00
1000133;0.00;0.00;0.00;0.00;0.00;0.00;0.00;0.00;0.00;0.00
1000134;0.00;0.00;0.00;0.00;0.00;0.00;0.00;0.00;0.00;0.00
1000135;0.00;0.00;0.00;0.00;0.00;0.00;0.00;0.00;0.00;0.00
1000136;0.00;0.00;0.00;0.00;0.00;0.00;0.00;0.00;0.00;0.00
1000137;0.00;0.00;0.00;0.00;0.00;0.00;0.00;0.00;0.00;0.00
1000138;0.00;0.00;0.00;0.00;0.00;0.00;0.00;0.00;0.00;0.00
1000139;0.00;0.00;0.00;0.00;0.00;0.00;0.00;0.00;0.00;0.00
1000140;0.00;0.00;0.00;0.00;0.00;0.00;0.00;0.00;0.00;0.00
1000141;0.00;0.00;0.00;0.00;0.00;0.00;0.00;0.00;0.00;0.00
1000142;0.00;0.00;0.00;0.00;0.00;0.00;0.00;0.00;0.00;0.00
1000143;0.00;0.00;0.00;0.00;0.00;0.00;0.00;0.00;0.00;0.00
1000144;0.00;0.00;0.00;0.00;0.00;0.00;0.00;0.00;0.00;0.00
1000145;0.00;0.00;0.00;0.00;0.00;0.00;0.00;0.00;0.00;0.00
1000146;0.00;0.00;0.00;0.00;0.00;0.00;0.00;0.00;0.00;0.00
1000147;0.00;0.00;0.00;0.00;0.00;0.00;0.00;0.00;0.00;0.00
1000148;0.00;0.00;0.00;0.00;0.00;0.00;0.00;0.00;0.00;0.00
1000149;0.00;0.00;0.00;0.00;0.00;0.00;0.00;0.00;0.00;0.00
1000150;0.00;0.00;0.00;0.00;0.00;0.00;0.00;0.00;0.00;0.00
1000151;0.00;0.00;0.00;0.00;0.00;0.00;0.00;0.00;0.00;0.00
1000152;0.00;0.00;0.00;0.00;0.00;0.00;0.00;0.00;0.00;0.00
1000153;0.00;0.00;0.00;0.00;0.00;0.00;0.00;0.00;0.00;0.00
1000154;0.00;0.00;0.00;0.00;0.00;0.00;0.00;0.00;0.00;0.00
1000155;0.00;0.00;0.00;0.00;0.00;0.00;0.00;0.00;0.00;0.00
1000156;0.00;0.00;0.00;0.00;0.00;0.00;0.00;0.00;0.00;0.00
1000157;0.00;0.00;0.00;0.00;0.00;0.00;0.00;0.00;0.00;0.00
1000158;0.00;0.00;0.00;0.00;0.00;0.00;0.00;0.00;0.00;0.00
1000159;0.00;0.00;0.00;0.00;0.00;0.00;0.00;0.00;0.00;0.00
1000160;0.00;0.00;0.00;0.00;0.00;0.00;0.00;0.00;0.00;0.00
1000161;0.00;0.00;0.00;0.00;0.00;0.00;0.00;0.00;0.00;0.00
1000162;0.00;0.00;0.00;0.00;0.00;0.00;0.00;0.00;0.00;0.00
1000163;0.00;0.00;0.00;0.00;0.00;0.00;0.00;0.00;0.00;0.00
1000164;0.00;0.00;0.00;0.00;0.00;0.00;0.00;0.00;0.00;0.00
1000165;0.00;0.00;0.00;0.00;0.00;0.00;0.00;0.00;0.00;0.00
1000166;0.00;0.00;0.00;0.00;0.00;0.00;0.00;0.00;0.00;0.00
1000167;0.00;0.00;0.00;0.00;0.00;0.00;0.00;0.00;0.00;0.00
1000168;0.00;0.00;0.00;0.00;0.00;0.00;0.00;0.00;0.00;0.00
1000169;0.00;0.00;0.00;0.00;0.00;0.00;0.00;0.00;0.00;0.00
1000170;0.00;0.00;0.00;0.00;0.00;0.00;0.00;0.00;0.00;0.00
1000171;0.00;0.00;0.00;0.00;0.00;0.00;0.00;0.00;0.00;0.00
1000172;0.00;0.00;0.00;0.00;0.00;0.00;0.00;0.00;0.00;0.00
1000173;0.00;0.00;0.00;0.00;0.00;0.00;0.00;0.00;0.00;0.00
1000174;0.00;0.00;0.00;0.00;0.00;0.00;0.00;0.00;0.00;0.00
1000175;0.00;0.00;0.00;0.00;0.00;0.00;0.00;0.00;0.00;0.00
1000176;0.00;0.00;0.00;0.00;0.00;0.00;0.00;0.00;0.00;0.00
1000177;0.00;0.00;0.00;0.00;0.00;0.00;0.00;0.00;0.00;0.00
1000178;0.00;0.00;0.00;0.00;0.00;0.00;0.00;0.00;0.00;0.00
1000179;0.00;0.00;0.00;0.00;0.00;0.00;0.00;0.00;0.00;0.00
1000180;0.00;0.00;0.00;0.00;0.00;0.00;0.00;0.00;0.00;0.00
1000181;0.00;0.00;0.00;0.00;0.00;0.00;0.00;0.00;0.00;0.00
1000182;0.00;0.00;0.00;0.00;0.00;0.00;0.00;0.00;0.00;0.00
1000183;0.00;0.00;0.00;0.00;0.00;0.00;0.00;0.00;0.00;0.00
1000184;0.00;0.00;0.00;0.00;0.00;0.00;0.00;0.00;0.00;0.00
1000185;0.00;0.00;0.00;0.00;0.00;0.00;0.00;0.00;0.00;0.00
1000186;0.00;0.00;0.00;0.00;0.00;0.00;0.00;0.00;0.00;0.00
1000187;0.00;0.00;0.00;0.00;0.00;0.00;0.00;0.00;0.00;0.00
1000188;0.00;0.00;0.00;0.00;0.00;0.00;0.00;0.00;0.00;0.00
1000189;0.00;0.00;0.00;0.00;0.00;0.00;0.00;0.00;0.00;0.00
1000190;0.00;0.00;0.00;0.00;0.00;0.00;0.00;0.00;0.00;0.00
1000191;0.00;0.00;0.00;0.00;0.00;0.00;0.00;0.00;0.00;0.00
1000192;0.00;0.00;0.00;0.00;0.00;0.00;0.00;0.00;0.00;0.00
1000193;0.00;0.00;0.00;0.00;0.00;0.00;0.00;0.00;0.00;0.00
1000194;0.00;0.00;0.00;0.00;0.00;0.00;0.00;0.00;0.00;0.00
1000195;0.00;0.00;0.00;0.00;0.00;0.00;0.00;0.00;0.00;0.00
1000196;0.00;0.00;0.00;0.00;0.00;0.00;0.00;0.00;0.00;0.00
1000197;0.00;0.00;0.00;0.00;0.00;0.00;0.00;0.00;0.00;0.00
1000198;0.00;0.00;0.00;0.00;0.00;0.00;0.00;0.00;0.00;0.00
1000199;0.00;0.00;0.00;0.00;0.00;0.00;0.00;0.00;0.00;0.00
1000200;0.00;0.00;0.00;0.00;0.00;0.00;0.00;0.00;0.00;0.00
1000201;0.00;0.00;0.00;0.00;0.00;0.00;0.00;0.00;0.00;0.00
1000202;0.00;0.00;0.00;0.00;0.00;0.00;0.00;0.00;0.00;0.00
1000203;0.00;0.00;0.00;0.00;0.00;0.00;0.00;0.00;0.00;0.00
1000204;0.00;0.00;0.00;0.00;0.00;0.00;0.00;0.00;0.00;0.00
1000205;0.00;0.00;0.00;0.00;0.00;0.00;0.00;0.00;0.00;0.00
1000206;0.00;0.00;0.00;0.00;0.00;0.00;0.00;0.00;0.00;0.00
1000207;0.00;0.00;0.00;0.00;0.00;0.00;0.00;0.00;0.00;0.00
1000208;0.00;0.00;0.00;0.00;0.00;0.00;0.00;0.00;0.00;0.00
1000209;0.00;0.00;0.00;0.00;0.00;0.00;0.00;0.00;0.00;0.00
1000210;0.00;0.00;0.00;0.00;0.00;0.00;0.00;0.00;0.00;0.00
1000211;0.00;0.00;0.00;0.00;0.00;0.00;0.00;0.00;0.00;0.00
1000212;0.00;0.00;0.00;0.00;0.00;0.00;0.00;0.00;0.00;0.00
1000213;0.00;0.00;0.00;0.00;0.00;0.00;0.00;0.00;0.00;0.00
1000214;0.00;0.00;0.00;0.00;0.00;0.00;0.00;0.00;0.00;0.00
1000215;0.00;0.00;0.00;0.00;0.00;0.00;0.00;0.00;0.00;0.00
1000216;0.00;0.00;0.00;0.00;0.00;0.00;0.00;0.00;0.00;0.00
1000217;0.00;0.00;0.00;0.00;0.00;0.00;0.00;0.00;0.00;0.00
1000218;0.00;0.00;0.00;0.00;0.00;0.00;0.00;0.00;0.00;0.00
1000220;0.00;0.00;0.00;0.00;0.00;0.00;0.00;0.00;0.00;0.00
1000221;0.00;0.00;0.00;0.00;0.00;0.00;0.00;0.00;0.00;0.00
1000222;0.00;0.00;0.00;0.00;0.00;0.00;0.00;0.00;0.00;0.00
1000223;0.00;0.00;0.00;0.00;0.00;0.00;0.00;0.00;0.00;0.00
1000224;0.00;0.00;0.00;0.00;0.00;0.00;0.00;0.00;0.00;0.00
1000225;0.00;0.00;0.00;0.00;0.00;0.00;0.00;0.00;0.00;0.00
1000226;0.00;0.00;0.00;0.00;0.00;0.00;0.00;0.00;0.00;0.00
1000227;0.00;0.00;0.00;0.00;0.00;0.00;0.00;0.00;0.00;0.00
1000228;0.00;0.00;0.00;0.00;0.00;0.00;0.00;0.00;0.00;0.00
1000229;0.00;0.00;0.00;0.00;0.00;0.00;0.00;0.00;0.00;0.00
1000230;0.00;0.00;0.00;0.00;0.00;0.00;0.00;0.00;0.00;0.00
1000231;0.00;0.00;0.00;0.00;0.00;0.00;0.00;0.00;0.00;0.00
1000232;0.00;0.00;0.00;0.00;0.00;0.00;0.00;0.00;0.00;0.00
1000233;0.00;0.00;0.00;0.00;0.00;0.00;0.00;0.00;0.00;0.00
1000234;0.00;0.00;0.00;0.00;0.00;0.00;0.00;0.00;0.00;0.00
1000235;0.00;0.00;0.00;0.00;0.00;0.00;0.00;0.00;0.00;0.00
1000236;0.00;0.00;0.00;0.00;0.00;0.00;0.00;0.00;0.00;0.00
1000237;0.00;0.00;0.00;0.00;0.00;0.00;0.00;0.00;0.00;0.00
1000238;0.00;0.00;0.00;0.00;0.00;0.00;0.00;0.00;0.00;0.00
1000239;0.00;0.00;0.00;0.00;0.00;0.00;0.00;0.00;0.00;0.00
1000240;0.00;0.00;0.00;0.00;0.00;0.00;0.00;0.00;0.00;0.00
1000241;0.00;0.00;0.00;0.00;0.00;0.00;0.00;0.00;0.00;0.00
1000242;0.00;0.00;0.00;0.00;0.00;0.00;0.00;0.00;0.00;0.00
1000243;0.00;0.00;0.00;0.00;0.00;0.00;0.00;0.00;0.00;0.00
1000244;0.00;0.00;0.00;0.00;0.00;0.00;0.00;0.00;0.00;0.00
1000245;0.00;0.00;0.00;0.00;0.00;0.00;0.00;0.00;0.00;0.00
1000246;0.00;0.00;0.00;0.00;0.00;0.00;0.00;0.00;0.00;0.00
1000247;0.00;0.00;0.00;0.00;0.00;0.00;0.00;0.00;0.00;0.00
1000248;0.00;0.00;0.00;0.00;0.00;0.00;0.00;0.00;0.00;0.00
1000249;0.00;0.00;0.00;0.00;0.00;0.00;0.00;0.00;0.00;0.00
1000250;0.00;0.00;0.00;0.00;0.00;0.00;0.00;0.00;0.00;0.00
1000251;0.00;0.00;0.00;0.00;0.00;0.00;0.00;0.00;0.00;0.00
1000252;0.00;0.00;0.00;0.00;0.00;0.00;0.00;0.00;0.00;0.00
1000253;0.00;0.00;0.00;0.00;0.00;0.00;0.00;0.00;0.00;0.00
1000254;0.00;0.00;0.00;0.00;0.00;0.00;0.00;0.00;0.00;0.00
1000255;0.00;0.00;0.00;0.00;0.00;0.00;0.00;0.00;0.00;0.00
1000256;0.00;0.00;0.18;0.00;0.00;0.00;0.00;0.00;0.00;0.00
1000257;0.00;0.00;0.00;0.00;0.00;0.00;0.00;0.00;0.00;0.00
1000258;0.00;0.00;0.43;0.00;0.00;0.00;0.00;0.00;0.00;0.00
1000259;0.00;0.00;0.00;0.00;0.00;0.00;0.00;0.00;0.00;0.00
1000260;0.00;0.00;0.00;0.00;0.00;0.00;0.00;0.00;0.00;0.00
1000261;0.00;0.00;0.00;0.00;0.00;0.00;0.00;0.00;0.00;0.00
1000262;0.00;0.00;0.00;0.00;0.00;0.00;0.00;0.00;0.00;0.00
1000263;0.00;0.00;0.00;0.00;0.00;0.00;0.00;0.00;0.00;0.00
1000264;0.00;0.00;0.00;0.00;0.00;0.00;0.00;0.00;0.00;0.00
1000265;0.00;0.00;0.00;0.00;0.00;0.00;0.00;0.00;0.00;0.00
1000266;0.00;0.00;0.00;0.00;0.00;0.00;0.00;0.00;0.00;0.00
1000267;0.00;0.00;0.00;0.00;0.00;0.00;0.00;0.00;0.00;0.00
1000268;0.00;0.00;0.00;0.00;0.00;0.00;0.00;0.00;0.00;0.00
1000269;0.00;0.00;0.00;0.00;0.00;0.00;0.00;0.00;0.00;0.00
1000270;0.00;0.00;0.00;0.00;0.00;0.00;0.00;0.00;0.00;0.00
1000271;0.00;0.00;0.00;0.00;0.00;0.00;0.00;0.00;0.00;0.00
1000272;0.00;0.00;0.00;0.00;0.00;0.00;0.00;0.00;0.00;0.00
1000273;0.00;0.00;0.00;0.00;0.00;0.00;0.00;0.00;0.00;0.00
1000274;0.00;0.00;0.00;0.00;0.00;0.00;0.00;0.00;0.00;0.00
1000275;0.00;0.00;0.00;0.00;0.00;0.00;0.00;0.00;0.00;0.00
1000276;0.00;0.00;0.00;0.00;0.00;0.00;0.00;0.00;0.00;0.00
1000277;0.00;0.00;0.00;0.00;0.00;0.00;0.00;0.00;0.00;0.00
1000278;0.00;0.00;0.00;0.00;0.00;0.00;0.00;0.00;0.00;0.00
1000279;0.00;0.00;0.00;0.00;0.00;0.00;0.00;0.00;0.00;0.00
1000280;0.00;0.00;0.00;0.00;0.00;0.00;0.00;0.00;0.00;0.00
1000281;0.00;0.00;0.00;0.00;0.00;0.00;0.00;0.00;0.00;0.00
1000282;0.00;0.00;0.00;0.00;0.00;0.00;0.00;0.00;0.00;0.00
1000283;0.00;0.00;0.00;0.00;0.00;0.00;0.00;0.00;0.00;0.00
1000284;0.00;0.00;0.00;0.00;0.00;0.00;0.00;0.00;0.00;0.00
1000285;0.00;0.00;0.00;0.00;0.00;0.00;0.00;0.00;0.00;0.00
1000286;0.00;0.00;0.00;0.00;0.00;0.00;0.00;0.00;0.00;0.00
1000287;0.00;0.00;0.00;0.00;0.00;0.00;0.00;0.00;0.00;0.00
1000288;0.00;0.00;0.00;0.00;0.00;0.00;0.00;0.00;0.00;0.00
1000289;0.00;0.00;0.00;0.00;0.00;0.00;0.00;0.00;0.00;0.00
1000290;0.00;0.00;0.00;0.00;0.00;0.00;0.00;0.00;0.00;0.00
1000291;0.00;0.00;0.00;0.00;0.00;0.00;0.00;0.00;0.00;0.00
1000292;0.00;0.00;0.00;0.00;0.00;0.00;0.00;0.00;0.00;0.00
1000293;0.00;0.00;0.00;0.00;0.00;0.00;0.00;0.00;0.00;0.00
1000294;0.00;0.00;0.00;0.00;0.00;0.00;0.00;0.00;0.00;0.00
1000295;0.00;0.00;0.00;0.00;0.00;0.00;0.00;0.00;0.00;0.00
1000296;0.00;0.00;0.00;0.00;0.00;0.00;0.00;0.00;0.00;0.00
1000297;0.00;0.00;0.00;0.00;0.00;0.00;0.00;0.00;0.00;0.00
1000298;0.00;0.00;0.00;0.00;0.00;0.00;0.00;0.00;0.00;0.00
1000299;0.00;0.00;0.00;0.00;0.00;0.00;0.00;0.00;0.00;0.00
1000300;0.00;0.00;0.00;0.00;0.00;0.00;0.00;0.00;0.00;0.00
1000301;0.00;0.00;0.00;0.00;0.00;0.00;0.00;0.00;0.00;0.00
1000302;0.00;0.00;0.00;0.00;0.00;0.00;0.00;0.00;0.00;0.00
1000303;0.00;0.00;0.00;0.00;0.00;0.00;0.00;0.00;0.00;0.00
1000304;0.00;0.00;0.00;0.00;0.00;0.00;0.00;0.00;0.00;0.00
1000305;0.00;0.00;0.00;0.00;0.00;0.00;0.00;0.00;0.00;0.00
1000306;0.00;0.00;0.00;0.00;0.00;0.00;0.00;0.00;0.00;0.00
1000307;0.00;0.00;0.00;0.00;0.00;0.00;0.00;0.00;0.00;0.00
1000308;0.00;0.00;0.00;0.00;0.00;0.00;0.00;0.00;0.00;0.00
1000309;0.00;0.00;0.00;0.00;0.00;0.00;0.00;0.00;0.00;0.00
1000310;0.00;0.00;0.00;0.00;0.00;0.00;0.00;0.00;0.00;0.00
1000311;0.00;0.00;0.00;0.00;0.00;0.00;0.00;0.00;0.00;0.00
1000312;0.00;0.00;0.00;0.00;0.00;0.00;0.00;0.00;0.00;0.00
1000313;0.00;0.00;0.00;0.00;0.00;0.00;0.00;0.00;0.00;0.00
1000314;0.00;0.00;0.00;0.00;0.00;0.00;0.00;0.00;0.00;0.00
1000315;0.00;0.00;0.00;0.00;0.00;0.00;0.00;0.00;0.00;0.00
1000316;0.00;0.00;0.00;0.00;0.00;0.00;0.00;0.00;0.00;0.00
1000317;0.00;0.00;0.00;0.00;0.00;0.00;0.00;0.00;0.00;0.00
1000318;0.00;0.00;0.00;0.00;0.00;0.00;0.00;0.00;0.00;0.00
1000319;0.00;0.00;0.00;0.00;0.00;0.00;0.00;0.00;0.00;0.00
1000320;0.00;0.00;0.00;0.00;0.00;0.00;0.00;0.00;0.00;0.00
1000321;0.00;0.00;0.00;0.00;0.00;0.00;0.00;0.00;0.00;0.00
1000322;0.00;0.00;0.00;0.00;0.00;0.00;0.00;0.00;0.00;0.00
1000323;0.00;0.00;0.00;0.00;0.00;0.00;0.00;0.00;0.00;0.00
1000324;0.00;0.00;0.00;0.00;0.00;0.00;0.00;0.00;0.00;0.00
1000325;0.00;0.00;0.00;0.00;0.00;0.00;0.00;0.00;0.00;0.00
1000326;0.00;0.00;0.00;0.00;0.00;0.00;0.00;0.00;0.00;0.00
1000327;0.00;0.00;0.00;0.00;0.00;0.00;0.00;0.00;0.00;0.00
1000328;0.00;0.00;0.00;0.00;0.00;0.00;0.00;0.00;0.00;0.00
1000329;0.00;0.00;0.00;0.00;0.00;0.00;0.00;0.00;0.00;0.00
1000330;0.00;0.00;0.00;0.00;0.00;0.00;0.00;0.00;0.00;0.00
1000331;0.00;0.00;0.00;0.00;0.00;0.00;0.00;0.00;0.00;0.00
1000332;0.00;0.00;0.00;0.00;0.00;0.00;0.00;0.00;0.00;0.00
1000333;0.00;0.00;0.00;0.00;0.00;0.00;0.00;0.00;0.00;0.00
1000334;0.00;0.00;0.00;0.00;0.00;0.00;0.00;0.00;0.00;0.00
1000335;0.00;0.00;0.00;0.00;0.00;0.00;0.00;0.00;0.00;0.00
1000336;0.00;0.00;0.00;0.00;0.00;0.00;0.00;0.00;0.00;0.00
1000337;0.00;0.00;0.00;0.00;0.00;0.00;0.00;0.00;0.00;0.00
1000338;0.00;0.00;0.00;0.00;0.00;0.00;0.00;0.00;0.00;0.00
1000339;0.00;0.00;0.00;0.00;0.00;0.00;0.00;0.00;0.00;0.00
1000340;0.00;0.00;0.00;0.00;0.00;0.00;0.00;0.00;0.00;0.00
1000341;0.00;0.00;0.00;0.00;0.00;0.00;0.00;0.00;0.00;0.00
1000342;0.00;0.00;0.00;0.00;0.00;0.00;0.00;0.00;0.00;0.00
1000343;0.00;0.00;0.00;0.00;0.00;0.00;0.00;0.00;0.00;0.00
1000344;0.00;0.00;0.00;0.00;0.00;0.00;0.00;0.00;0.00;0.00
1000345;0.00;0.00;0.00;0.00;0.00;0.00;0.00;0.00;0.00;0.00
1000346;0.00;0.00;0.00;0.00;0.00;0.00;0.00;0.00;0.00;0.00
1000347;0.00;0.00;0.00;0.00;0.00;0.00;0.00;0.00;0.00;0.00
1000348;0.00;0.00;0.00;0.00;0.00;0.00;0.00;0.00;0.00;0.00
1000349;0.00;0.00;0.00;0.00;0.00;0.00;0.00;0.00;0.00;0.00
1000350;0.00;0.00;0.00;0.00;0.00;0.00;0.00;0.00;0.00;0.00
1000351;0.00;0.00;0.00;0.00;0.00;0.00;0.00;0.00;0.00;0.00
1000352;0.00;0.00;0.00;0.00;0.00;0.00;0.00;0.00;0.00;0.00
1000353;0.00;0.00;12.83;0.00;0.00;0.00;0.00;0.00;0.00;0.00
1000354;0.00;0.00;0.00;0.00;0.00;0.00;0.00;0.00;0.00;0.00
1000355;0.00;0.00;9.97;0.00;0.00;0.00;0.00;0.00;0.00;0.00
1000356;0.00;0.00;0.33;0.00;0.00;0.00;0.00;0.00;0.00;0.00
1000357;0.00;0.00;0.00;0.00;0.00;0.00;0.00;0.00;0.00;0.00
1000358;0.00;0.00;0.18;0.00;0.00;0.00;0.00;0.00;0.00;0.00
1000359;0.00;0.00;0.00;0.00;0.00;0.00;0.00;0.00;0.00;0.00
1000360;0.00;0.00;0.00;0.00;0.00;0.00;0.00;0.00;0.00;0.00
1000361;0.00;0.00;0.00;0.00;0.00;0.00;0.00;0.00;0.00;0.00
1000362;0.00;0.00;0.00;0.00;0.00;0.00;0.00;0.00;0.00;0.00
1000363;0.00;0.00;0.00;0.00;0.00;0.00;0.00;0.00;0.00;0.00
1000364;0.00;0.00;0.00;0.00;0.00;0.00;0.00;0.00;0.00;0.00
1000365;0.00;0.00;0.00;0.00;0.00;0.00;0.00;0.00;0.00;0.00
1000366;0.00;0.00;0.00;0.00;0.00;0.00;0.00;0.00;0.00;0.00
1000367;0.00;0.00;0.00;0.00;0.00;0.00;0.00;0.00;0.00;0.00
1000368;0.00;0.00;0.00;0.00;0.00;0.00;0.00;0.00;0.00;0.00
1000369;0.00;0.00;0.00;0.00;0.00;0.00;0.00;0.00;0.00;0.00
1000370;0.00;0.00;0.00;0.00;0.00;0.00;0.00;0.00;0.00;0.00
1000371;0.00;0.00;0.00;0.00;0.00;0.00;0.00;0.00;0.00;0.00
1000372;0.00;0.00;0.00;0.00;0.00;0.00;0.00;0.00;0.00;0.00
1000373;0.00;0.00;0.00;0.00;0.00;0.00;0.00;0.00;0.00;0.00
1000374;0.00;0.00;0.00;0.00;0.00;0.00;0.00;0.00;0.00;0.00
1000375;0.00;0.00;0.00;0.00;0.00;0.00;0.00;0.00;0.00;0.00
1000376;0.00;0.00;0.00;0.00;0.00;0.00;0.00;0.00;0.00;0.00
1000377;0.00;0.00;0.00;0.00;0.00;0.00;0.00;0.00;0.00;0.00
1000378;0.00;0.00;0.00;0.00;0.00;0.00;0.00;0.00;0.00;0.00
1000379;0.00;0.00;0.00;0.00;0.00;0.00;0.00;0.00;0.00;0.00
1000380;0.00;0.00;0.00;0.00;0.00;0.00;0.00;0.00;0.00;0.00
1000381;0.00;0.00;0.00;0.00;0.00;0.00;0.00;0.00;0.00;0.00
1000382;0.00;0.00;0.00;0.00;0.00;0.00;0.00;0.00;0.00;0.00
1000383;0.00;0.00;0.00;0.00;0.00;0.00;0.00;0.00;0.00;0.00
1000384;0.00;0.00;0.00;0.00;0.00;0.00;0.00;0.00;0.00;0.00
1000385;0.00;0.00;0.00;0.00;0.00;0.00;0.00;0.00;0.00;0.00
1000386;0.00;0.00;0.00;0.00;0.00;0.00;0.00;0.00;0.00;0.00
1000387;0.00;0.00;0.00;0.00;0.00;0.00;0.00;0.00;0.00;0.00
1000388;0.00;0.00;0.00;0.00;0.00;0.00;0.00;0.00;0.00;0.00
1000389;0.00;0.00;0.00;0.00;0.00;0.00;0.00;0.00;0.00;0.00
1000390;0.00;0.00;0.00;0.00;0.00;0.00;0.00;0.00;0.00;0.00
1000391;0.00;0.00;0.00;0.00;0.00;0.00;0.00;0.00;0.00;0.00
1000392;0.00;0.00;0.00;0.00;0.00;0.00;0.00;0.00;0.00;0.00
1000393;0.00;0.00;0.00;0.00;0.00;0.00;0.00;0.00;0.00;0.00
1000394;0.00;0.00;0.00;0.00;0.00;0.00;0.00;0.00;0.00;0.00
1000395;0.00;0.00;0.00;0.00;0.00;0.00;0.00;0.00;0.00;0.00
1000396;0.00;0.00;0.00;0.00;0.00;0.00;0.00;0.00;0.00;0.00
1000397;0.00;0.00;0.00;0.00;0.00;0.00;0.00;0.00;0.00;0.00
1000398;0.00;0.00;0.00;0.00;0.00;0.00;0.00;0.00;0.00;0.00
1000399;0.00;0.00;0.00;0.00;0.00;0.00;0.00;0.00;0.00;0.00
1000400;0.00;0.00;0.00;0.00;0.00;0.00;0.00;0.00;0.00;0.00
1000401;0.00;0.00;0.00;0.00;0.00;0.00;0.00;0.00;0.00;0.00
1000402;0.00;0.00;0.00;0.00;0.00;0.00;0.00;0.00;0.00;0.00
1000403;0.00;0.00;0.00;0.00;0.00;0.00;0.00;0.00;0.00;0.00
1000404;0.00;0.00;0.00;0.00;0.00;0.00;0.00;0.00;0.00;0.00
1000405;0.00;0.00;0.00;0.00;0.00;0.00;0.00;0.00;0.00;0.00
1000406;0.00;0.00;0.00;0.00;0.00;0.00;0.00;0.00;0.00;0.00
1000407;0.00;0.00;0.00;0.00;0.00;0.00;0.00;0.00;0.00;0.00
1000408;0.00;0.00;0.00;0.00;0.00;0.00;0.00;0.00;0.00;0.00
1000409;0.00;0.00;0.00;0.00;0.00;0.00;0.00;0.00;0.00;0.00
1000410;0.00;0.00;0.00;0.00;0.00;0.00;0.00;0.00;0.00;0.00
1000411;0.00;0.00;0.00;0.00;0.00;0.00;0.00;0.00;0.00;0.00
1000412;0.00;0.00;0.00;0.00;0.00;0.00;0.00;0.00;0.00;0.85
1000413;0.00;0.00;0.00;0.00;0.00;0.00;0.00;0.00;0.00;0.00
1000414;0.00;0.00;0.00;0.00;0.00;0.00;0.00;0.00;0.00;0.00
1000415;0.00;0.00;0.00;0.00;0.00;0.00;0.00;0.00;0.00;0.00
1000416;0.00;0.00;0.00;0.00;0.00;0.00;0.00;0.00;0.00;5.81
1000417;0.00;0.00;0.00;0.00;0.00;0.00;0.00;0.00;0.00;0.00
1000418;0.00;0.00;98.33;0.00;0.00;0.00;0.00;0.00;0.00;4.78
1000419;0.00;0.00;0.00;0.00;0.00;0.00;0.00;0.00;0.00;0.00
1000420;0.00;0.00;0.00;0.00;0.00;0.00;0.00;0.00;0.00;0.00
1000421;0.00;0.00;1.29;0.00;0.00;0.00;1.82;0.00;0.00;0.00
1000422;0.00;0.00;0.00;0.00;0.00;0.00;0.00;0.00;0.00;0.00
1000423;0.00;0.00;0.00;0.00;0.00;0.00;57.42;0.00;0.00;0.00
1000424;0.00;0.00;0.00;0.00;0.00;0.00;0.00;0.00;0.00;0.00
1000425;0.00;0.00;0.00;0.00;0.00;0.00;0.00;0.00;0.00;0.00
1000426;0.00;0.00;0.00;0.00;0.00;0.00;0.00;0.00;0.00;0.00
1000427;0.00;0.00;0.00;0.00;0.00;0.00;0.00;0.00;0.00;0.00
1000428;0.00;0.00;0.00;0.00;0.00;0.00;0.00;0.00;0.00;1.18
1000429;0.00;0.00;0.00;0.00;0.00;0.00;0.00;0.00;0.00;0.15
1000430;0.00;0.00;0.00;0.00;0.00;0.00;0.00;0.00;0.00;0.00
1000431;0.00;0.00;2 367.31;0.00;0.00;0.00;0.00;0.00;0.00;0.00
1000432;0.00;0.00;154.20;0.00;0.00;0.00;0.00;0.00;0.00;2.36
1000433;0.00;0.00;0.00;0.00;0.00;0.00;0.00;0.00;0.00;0.00
1000434;0.00;0.00;17.72;0.00;0.00;0.00;0.00;0.00;0.00;0.00
1000435;0.00;0.00;0.00;0.00;0.00;0.00;0.00;0.00;0.00;0.00
1000436;0.00;0.00;0.00;0.00;0.00;0.00;0.00;0.00;0.00;0.00
1000437;0.00;0.00;0.00;0.00;0.00;0.00;0.00;0.00;0.00;0.00
1000438;0.00;0.00;0.00;0.00;0.00;0.00;0.00;0.00;0.00;0.61
1000439;0.00;0.00;59.09;0.00;0.00;0.00;0.00;0.00;0.00;0.46
1000440;0.00;0.00;1 024.89;0.00;0.00;0.00;0.00;0.00;0.00;0.00
1000441;0.00;0.00;0.00;0.00;0.00;0.00;0.00;0.00;0.00;0.00
1000442;0.00;0.00;0.00;0.00;0.00;0.00;0.00;0.00;143.13;0.00
1000443;0.00;0.00;0.00;0.00;0.00;0.00;0.00;0.00;1 617.26;0.00
1000444;0.00;0.00;1 013.57;0.00;0.00;0.00;0.00;0.00;0.00;0.00
1000445;100.81;34.80;512.05;175.24;0.00;2.47;99.69;0.00;0.00;5.09
1000446;190.44;0.00;602.13;148.43;0.00;3.35;80.05;0.00;0.00;6.94
1000447;0.00;0.00;0.00;167.71;0.00;0.00;0.00;0.00;3 062.15;0.00
1000448;0.00;1.14;0.00;8.56;0.00;0.00;1.82;0.00;2.86;0.13
1000449;86.66;0.00;1 167.24;324.65;0.00;15.76;168.51;0.00;0.00;5.02
1000450;0.00;114.15;0.00;405.02;0.00;99.14;41.96;0.00;0.00;3.50
1000451;0.00;57.25;0.00;231.97;0.00;0.00;43.14;0.00;185.95;1.02
1000452;0.00;52.87;0.00;224.31;0.00;1.31;71.11;0.00;196.97;0.87
1000453;80.95;28.61;348.74;120.90;0.00;1.77;71.07;0.00;0.00;3.69
1000454;37.50;0.00;55.76;11.27;0.00;0.94;9.27;0.00;0.00;1.87
1000455;0.00;0.00;44.81;4.59;0.00;10.54;0.00;0.00;0.00;0.39
1000456;23.04;52.57;26.08;192.92;0.00;1.50;92.67;0.00;170.76;1.11
1000457;0.00;0.00;15.16;2.26;0.00;3.62;1.11;0.00;0.00;0.12
1000458;0.00;82.39;0.00;305.82;0.00;50.66;124.35;0.00;239.12;1.57
1000459;0.00;224.12;0.00;855.27;0.00;4.64;348.63;0.00;741.66;3.20
1000460;0.00;0.68;2.38;2.39;0.00;1.30;1.34;0.00;0.00;0.05
1000461;489.98;298.68;0.00;152.29;0.00;0.00;0.00;0.00;1 889.36;0.00
1000462;2531.33;0.00;3.34;0.00;0.00;0.00;0.00;0.00;1 026.25;0.00
1000463;0.00;0.00;52.00;0.00;0.00;15.82;0.00;0.00;0.00;2.17
1000464;44.42;0.00;3.15;0.00;0.00;0.00;0.00;0.00;0.00;0.00
1000465;650.94;0.00;22.52;0.00;0.00;0.00;0.00;0.00;0.00;0.00
1000466;340.41;0.00;12.40;0.00;0.00;0.00;0.00;0.00;0.00;0.00
1000467;25.29;9.67;5.15;0.00;0.00;13.63;0.00;0.00;0.00;0.45
1000468;0.00;0.00;0.00;0.00;957.08;0.00;0.00;0.00;0.00;0.00
1000469;0.00;47.68;0.84;0.00;296.67;924.59;0.00;0.00;0.00;177.32
1000470;0.00;0.00;0.00;0.00;0.00;1 999.85;0.00;0.00;0.00;5.14
1000471;0.00;0.00;0.00;0.00;0.00;68.39;0.00;0.00;0.00;0.23
1000472;0.00;0.00;5.13;0.00;0.00;63.45;0.00;0.00;0.00;29.29
1000473;0.00;0.00;48.86;0.00;0.00;26.01;0.00;0.00;0.00;2.68
1000474;0.00;1 098.49;0.00;0.00;159.55;0.00;0.00;0.00;0.00;0.00
1000475;0.00;79.47;0.00;0.00;114.70;0.00;0.00;0.00;0.00;0.00
1000476;0.00;0.00;0.00;0.00;0.00;0.00;0.00;0.00;0.00;0.00
1000477;0.00;0.00;0.00;0.00;48.32;0.00;0.00;0.00;0.00;0.00
1000478;0.00;304.87;0.00;0.00;49.68;0.00;0.00;0.00;0.00;0.00
1000479;0.00;0.00;0.00;0.00;0.00;0.00;0.00;0.00;0.00;0.00
1000480;0.00;0.00;0.00;0.00;0.00;0.00;0.00;0.00;0.00;0.00
1000481;0.00;0.00;0.00;0.00;0.00;0.00;0.00;0.00;0.00;0.00
1000482;0.00;23.55;0.00;0.00;0.00;0.00;0.00;0.00;0.00;0.00
1000483;0.00;0.00;0.00;0.00;461.22;0.00;0.00;0.00;0.00;0.00
1000484;0.00;0.00;0.00;0.00;408.79;0.00;0.00;0.00;0.00;0.00
1000485;0.00;0.00;0.00;0.00;344.60;0.00;0.00;36.82;0.00;0.00
1000486;0.00;0.00;0.00;0.00;731.01;0.00;0.00;0.00;0.00;0.00
1000487;0.00;0.00;0.00;0.00;0.00;0.00;0.00;38.87;0.00;0.00
1000488;0.00;0.00;0.00;0.00;0.00;0.00;0.00;31.58;0.00;0.00
1000489;0.00;0.00;0.00;0.00;1 181.19;0.00;0.00;779.73;0.00;0.00
1000490;0.00;0.00;0.00;0.00;0.00;0.00;0.00;1 450.08;0.00;0.00
1000491;0.00;0.00;0.00;0.00;0.00;0.00;0.00;2 426.93;0.00;0.00
1000492;0.00;0.00;1.42;0.00;266.59;0.00;0.00;0.00;0.00;2 091.10
1000493;0.00;0.00;1.53;0.00;0.00;345.97;0.00;0.00;0.00;2 373.45
1000494;0.00;0.00;0.00;0.00;0.00;1.23;0.00;0.00;0.00;3 802.99
1000495;0.00;0.00;0.96;0.00;0.00;202.30;0.00;0.00;0.00;0.00
1000496;0.00;0.00;0.00;0.00;0.00;0.00;0.00;0.00;0.00;0.00
1000497;0.00;0.00;0.00;0.00;0.00;0.00;0.00;0.00;0.00;0.00
1000498;0.00;0.00;0.00;0.00;0.00;0.00;0.00;0.00;0.00;0.00
1000499;0.00;0.00;0.00;0.00;0.00;0.00;0.00;0.00;0.00;0.00
1000500;0.00;0.00;0.00;0.00;0.00;0.00;0.00;0.00;0.00;0.00
1000501;0.00;0.00;0.00;0.00;0.00;0.00;0.00;0.00;0.00;0.00
1000502;0.00;0.00;0.00;0.00;0.00;0.00;0.00;0.00;0.00;0.00
1000503;0.00;0.00;0.00;0.00;0.00;0.00;0.00;37.56;0.00;0.00
1000504;0.00;0.00;0.00;0.00;0.00;0.00;0.00;145.91;0.00;0.00
1000505;0.00;0.00;0.00;0.00;0.00;0.00;0.00;7.03;0.00;0.00
1000506;0.00;0.00;0.00;0.00;0.00;0.00;0.00;0.00;0.00;0.00
1000507;0.00;0.00;0.00;0.00;0.00;0.00;0.00;0.00;0.00;0.00
1000508;0.00;0.00;0.00;0.00;0.00;0.00;0.00;0.00;0.00;0.00
1000509;0.00;0.00;0.00;0.00;0.00;0.00;0.00;0.00;0.00;0.00
1000510;0.00;0.00;0.00;0.00;0.00;0.00;0.00;0.00;0.00;0.00
1000511;0.00;0.00;0.00;0.00;0.00;13.73;0.00;0.00;0.00;0.00
1000512;0.00;0.00;0.00;0.00;0.00;0.00;0.00;578.96;0.00;0.00
1000513;0.00;0.00;0.00;0.00;0.00;0.00;0.00;42.14;0.00;10.43
1000514;0.00;0.00;0.00;0.00;0.00;0.00;0.00;0.00;0.00;6.19
1000515;0.00;0.00;0.00;0.00;0.00;0.00;0.00;5.64;0.00;0.00
1000516;0.00;0.00;0.00;0.00;0.00;0.00;0.00;0.00;0.00;0.00
1000517;0.00;0.00;0.00;0.00;0.00;0.00;0.00;0.00;0.00;0.00
1000518;0.00;0.00;0.00;0.00;0.00;0.00;0.00;0.00;0.00;0.00
1000519;0.00;0.00;0.00;0.00;0.00;0.00;0.00;0.00;0.00;0.00
1000520;0.00;0.00;0.00;0.00;0.00;0.00;0.00;0.00;0.00;0.00
1000521;0.00;0.00;0.00;0.00;0.00;0.00;0.00;0.00;0.00;0.00
1000522;0.00;0.00;0.00;0.00;0.00;0.00;0.00;0.00;0.00;324.49
1000523;0.00;0.00;0.00;0.00;0.00;0.00;0.00;0.00;0.00;0.00
1000524;0.00;0.00;0.00;0.00;0.00;0.00;0.00;0.00;0.00;0.00
1000525;0.00;0.00;0.00;0.00;0.00;0.00;0.00;0.00;0.00;0.00
1000526;0.00;0.00;0.00;0.00;0.00;0.00;0.00;0.00;0.00;0.00
1000527;0.00;0.00;0.00;0.00;0.00;0.00;0.00;0.00;0.00;0.00
1000528;0.00;0.00;0.00;0.00;0.00;0.00;0.00;0.00;0.00;0.00
1000529;0.00;0.00;0.00;0.00;0.00;0.00;0.00;0.00;0.00;0.00
1000530;0.00;0.00;0.00;0.00;0.00;0.00;0.00;0.00;0.00;0.00
1000531;0.00;0.00;0.00;0.00;0.00;0.00;0.00;0.00;0.00;0.00
1000532;0.00;0.00;0.00;0.00;0.00;0.00;0.00;0.00;0.00;0.00
1000533;0.00;0.00;0.00;0.00;0.00;0.00;0.00;0.00;0.00;0.00
1000534;0.00;0.00;0.00;0.00;0.00;0.00;0.00;0.00;0.00;0.00
1000535;0.00;0.00;0.00;0.00;0.00;0.00;0.00;0.00;0.00;0.00
1000536;0.00;0.00;0.00;0.00;0.00;0.00;0.00;0.00;0.00;0.00
1000537;0.00;0.00;0.00;0.00;0.00;0.00;0.00;0.00;0.00;0.00
1000538;0.00;0.00;0.00;0.00;0.00;0.00;0.00;0.00;0.00;0.00
1000539;0.00;0.00;0.00;0.00;0.00;0.00;0.00;0.00;0.00;0.00
1000540;0.00;0.00;0.00;0.00;0.00;0.00;0.00;0.00;0.00;0.00
1000541;0.00;0.00;0.00;0.00;0.00;0.00;0.00;0.00;0.00;0.00
1000542;0.00;0.00;0.00;0.00;0.00;0.00;0.00;0.00;0.00;0.00
1000543;0.00;0.00;0.00;0.00;0.00;0.00;0.00;0.00;0.00;0.00
1000544;0.00;0.00;0.00;0.00;0.00;0.00;0.00;0.00;0.00;0.00
1000545;0.00;0.00;0.00;0.00;0.00;0.00;0.00;0.00;0.00;0.00
1000546;0.00;0.00;0.00;0.00;0.00;0.00;0.00;0.00;0.00;0.00
1000547;0.00;0.00;0.00;0.00;0.00;0.00;0.00;0.00;0.00;0.00
1000548;0.00;0.00;0.00;0.00;0.00;0.00;0.00;0.00;0.00;0.00
1000549;0.00;0.00;0.00;0.00;0.00;0.00;0.00;0.00;0.00;0.00
1000550;0.00;0.00;0.00;0.00;0.00;0.00;0.00;0.00;0.00;0.00
1000551;0.00;0.00;0.00;0.00;0.00;0.00;0.00;0.00;0.00;0.00
1000552;0.00;0.00;0.00;0.00;0.00;0.00;0.00;0.00;0.00;0.00
1000553;0.00;0.00;0.00;0.00;0.00;0.00;0.00;0.00;0.00;0.00
1000554;0.00;0.00;0.00;0.00;0.00;0.00;0.00;0.00;0.00;0.00
1000555;0.00;0.00;0.00;0.00;0.00;0.00;0.00;0.00;0.00;0.00
1000556;0.00;0.00;0.00;0.00;0.00;0.00;0.00;0.00;0.00;0.00
1000557;0.00;0.00;0.00;0.00;0.00;0.00;0.00;0.00;0.00;0.00
1000558;0.00;0.00;0.00;0.00;0.00;0.00;0.00;0.00;0.00;0.00
1000559;0.00;0.00;0.00;0.00;0.00;0.00;0.00;0.00;0.00;0.00
1000560;0.00;0.00;0.00;0.00;0.00;0.00;0.00;0.00;0.00;0.00
1000561;0.00;0.00;0.00;0.00;0.00;0.00;0.00;0.00;0.00;0.00
1000562;0.00;0.00;0.00;0.00;0.00;0.00;0.00;0.00;0.00;0.00
1000563;0.00;0.00;0.00;0.00;0.00;0.00;0.00;0.00;0.00;0.00
1000564;0.00;0.00;0.00;0.00;0.00;0.00;0.00;0.00;0.00;0.00
1000565;0.00;0.00;0.00;0.00;0.00;0.00;0.00;0.00;0.00;0.00
1000566;0.00;0.00;0.00;0.00;0.00;0.00;0.00;0.00;0.00;0.00
1000567;0.00;0.00;0.00;0.00;0.00;0.00;0.00;0.00;0.00;0.00
1000568;0.00;0.00;0.00;0.00;0.00;0.00;0.00;0.00;0.00;0.00
1000569;0.00;0.00;0.00;0.00;0.00;0.00;0.00;0.00;0.00;0.00
1000570;0.00;0.00;0.00;0.00;0.00;0.00;0.00;0.00;0.00;0.00
1000571;0.00;0.00;0.00;0.00;0.00;0.00;0.00;0.00;0.00;0.00
1000572;0.00;0.00;0.00;0.00;0.00;0.00;0.00;0.00;0.00;0.00
1000573;0.00;0.00;0.00;0.00;0.00;0.00;0.00;0.00;0.00;0.00
1000574;0.00;0.00;0.00;0.00;0.00;0.00;0.00;0.00;0.00;0.00
1000575;0.00;0.00;0.00;0.00;0.00;0.00;0.00;0.00;0.00;0.00
1000576;0.00;0.00;0.00;0.00;0.00;0.00;0.00;0.00;0.00;0.00
1000577;0.00;0.00;0.00;0.00;0.00;0.00;0.00;0.00;0.00;0.00
1000578;0.00;0.00;0.00;0.00;0.00;0.00;0.00;0.00;0.00;0.00
1000579;0.00;0.00;0.00;0.00;0.00;0.00;0.00;0.00;0.00;0.00
1000580;0.00;0.00;0.00;0.00;0.00;0.00;0.00;0.00;0.00;0.00
1000581;0.00;0.00;0.00;0.00;0.00;0.00;0.00;0.00;0.00;0.00
1000582;0.00;0.00;0.00;0.00;0.00;0.00;0.00;0.00;0.00;0.00
1000583;0.00;0.00;0.00;0.00;0.00;0.00;0.00;0.00;0.00;0.00
1000584;0.00;0.00;0.00;0.00;0.00;0.00;0.00;0.00;0.00;0.00
1000585;0.00;0.00;0.00;0.00;0.00;0.00;0.00;0.00;0.00;0.00
1000586;0.00;0.00;0.00;0.00;0.00;0.00;0.00;0.00;0.00;0.00
1000587;0.00;0.00;0.00;0.00;0.00;0.00;0.00;0.00;0.00;0.00
1000588;0.00;0.00;0.00;0.00;0.00;0.00;0.00;0.00;0.00;0.00
1000589;0.00;0.00;0.00;0.00;0.00;0.00;0.00;0.00;0.00;0.00
1000590;0.00;0.00;0.00;0.00;0.00;0.00;0.00;0.00;0.00;0.00
1000591;0.00;0.00;0.00;0.00;0.00;0.00;0.00;0.00;0.00;0.00
1000592;0.00;0.00;0.00;0.00;0.00;0.00;0.00;0.00;0.00;0.00
1000593;0.00;0.00;0.00;0.00;0.00;0.00;0.00;0.00;0.00;0.00
1000594;0.00;0.00;0.00;0.00;0.00;0.00;0.00;0.00;0.00;0.00
1000595;0.00;0.00;0.00;0.00;0.00;0.00;0.00;0.00;0.00;0.00
1000596;0.00;0.00;0.00;0.00;0.00;0.00;0.00;0.00;0.00;0.00
1000597;0.00;0.00;0.00;0.00;0.00;0.00;0.00;0.00;0.00;0.00
1000598;0.00;0.00;0.00;0.00;0.00;0.00;0.00;0.00;0.00;0.00
1000599;0.00;0.00;0.00;0.00;0.00;0.00;0.00;0.00;0.00;0.00
1000600;0.00;0.00;0.00;0.00;0.00;0.00;0.00;0.00;0.00;0.00
1000601;0.00;0.00;0.00;0.00;0.00;0.00;0.00;0.00;0.00;0.00
1000602;0.00;0.00;0.00;0.00;0.00;0.00;0.00;0.00;0.00;0.00
1000603;0.00;0.00;0.00;0.00;0.00;0.00;0.00;0.00;0.00;0.00
1000604;0.00;0.00;0.00;0.00;0.00;0.00;0.00;0.00;0.00;0.00
1000605;0.00;0.00;0.00;0.00;0.00;0.00;0.00;0.00;0.00;0.00
1000606;0.00;0.00;0.00;0.00;0.00;0.00;0.00;0.00;0.00;0.00
1000607;0.00;0.00;0.00;0.00;0.00;0.00;0.00;0.00;0.00;0.00
1000608;0.00;0.00;0.00;0.00;0.00;0.00;0.00;0.00;0.00;0.00
1000609;0.00;0.00;0.00;0.00;0.00;0.00;0.00;0.00;0.00;0.00
1000610;0.00;0.00;0.00;0.00;0.00;0.00;0.00;0.00;0.00;0.00
1000611;0.00;0.00;0.00;0.00;0.00;0.00;0.00;0.00;0.00;0.00
1000612;0.00;0.00;0.00;0.00;0.00;0.00;0.00;0.00;0.00;0.00
1000613;0.00;0.00;0.00;0.00;0.00;0.00;0.00;0.00;0.00;0.00
1000614;0.00;0.00;0.00;0.00;0.00;0.00;0.00;0.00;0.00;0.00
1000615;0.00;0.00;0.00;0.00;0.00;0.00;0.00;0.00;0.00;0.00
1000616;0.00;0.00;0.00;0.00;0.00;0.00;0.00;0.00;0.00;0.00
1000617;0.00;0.00;0.00;0.00;0.00;0.00;0.00;0.00;0.00;0.00
1000618;0.00;0.00;0.00;0.00;0.00;0.00;0.00;0.00;0.00;0.00
1000619;0.00;0.00;0.00;0.00;0.00;0.00;0.00;0.00;0.00;0.00
1000620;0.00;0.00;0.00;0.00;0.00;0.00;0.00;0.00;0.00;0.00
1000621;0.00;0.00;0.00;0.00;0.00;0.00;0.00;0.00;0.00;0.00
1000622;0.00;0.00;0.00;0.00;0.00;0.00;0.00;0.00;0.00;0.00
1000623;0.00;0.00;0.00;0.00;0.00;0.00;0.00;0.00;0.00;0.00
1000624;0.00;0.00;0.00;0.00;0.00;0.00;0.00;0.00;0.00;0.00
1000625;0.00;0.00;0.00;0.00;0.00;0.00;0.00;0.00;0.00;0.00
1000626;0.00;0.00;0.00;0.00;0.00;0.00;0.00;0.00;0.00;0.00
1000627;0.00;0.00;0.00;0.00;0.00;0.00;0.00;0.00;0.00;0.00
1000628;0.00;0.00;0.00;0.00;0.00;0.00;0.00;0.00;0.00;0.00
1000629;0.00;0.00;0.00;0.00;0.00;0.00;0.00;0.00;0.00;0.00
1000630;0.00;0.00;0.00;0.00;0.00;0.00;0.00;0.00;0.00;0.00
1000631;0.00;0.00;0.00;0.00;0.00;0.00;0.00;0.00;0.00;0.00
1000632;0.00;0.00;0.00;0.00;0.00;0.00;0.00;0.00;0.00;0.00
1000633;0.00;0.00;0.00;0.00;0.00;0.00;0.00;0.00;0.00;0.00
1000634;0.00;0.00;0.00;0.00;0.00;0.00;0.00;0.00;0.00;0.00
1000635;0.00;0.00;0.00;0.00;0.00;0.00;0.00;0.00;0.00;0.00
1000636;0.00;0.00;0.00;0.00;0.00;0.00;0.00;0.00;0.00;0.00
1000637;0.00;0.00;0.00;0.00;0.00;0.00;0.00;0.00;0.00;0.00
1000638;0.00;0.00;0.00;0.00;0.00;0.00;0.00;0.00;0.00;0.00
1000639;0.00;0.00;0.00;0.00;0.00;0.00;0.00;0.00;0.00;0.00
1000640;0.00;0.00;0.00;0.00;0.00;0.00;0.00;0.00;0.00;0.00
1000641;0.00;0.00;0.00;0.00;0.00;0.00;0.00;0.00;0.00;0.00
1000642;0.00;0.00;0.00;0.00;0.00;0.00;0.00;0.00;0.00;0.00
1000643;0.00;20.39;0.00;0.00;0.00;0.00;0.00;0.00;0.00;0.00
1000644;0.00;11.00;0.18;0.00;35.13;108.52;0.00;0.00;0.00;85.97
1000645;0.00;56.51;0.00;0.00;0.00;0.00;0.00;0.00;0.00;0.00
1000646;0.00;134.39;0.00;0.00;0.00;0.00;0.00;0.00;0.00;0.00
1000647;0.00;0.00;0.00;0.00;0.00;0.00;0.00;0.00;0.00;0.00
1000648;0.00;0.00;0.00;0.00;0.00;0.00;0.00;0.00;0.00;0.00
1000649;0.00;0.00;0.00;0.00;0.00;0.00;0.00;0.00;0.00;0.00
1000650;0.00;0.00;0.00;0.00;0.00;0.00;0.00;0.00;0.00;0.00
1000651;0.00;0.00;0.00;0.00;0.00;0.00;0.00;0.00;0.00;0.00
1000652;0.00;0.00;0.00;0.00;0.00;0.00;0.00;0.00;0.00;0.00
1000653;0.00;0.00;0.00;0.00;0.00;0.00;0.00;0.00;0.00;0.00
1000654;0.00;0.00;0.00;0.00;0.00;0.00;0.00;0.00;0.00;0.00
1000655;0.00;0.00;0.00;0.00;0.00;0.00;0.00;0.00;0.00;0.00
1000656;0.00;0.00;0.00;0.00;0.00;0.00;0.00;0.00;0.00;0.00
1000657;0.00;0.00;0.00;0.00;0.00;0.00;0.00;0.00;0.00;0.00
1000658;0.00;0.00;0.00;0.00;0.00;0.00;0.00;0.00;0.00;0.00
1000659;0.00;0.00;0.00;0.00;0.00;0.00;0.00;0.00;0.00;0.00
1000660;0.00;0.00;0.00;0.00;0.00;0.00;0.00;0.00;0.00;0.00
1000661;0.00;0.00;0.00;0.00;0.00;0.00;0.00;0.00;0.00;0.00
1000662;0.00;0.00;0.00;0.00;0.00;0.00;0.00;0.00;0.00;0.00
1000663;0.00;0.00;0.00;0.00;0.00;0.00;0.00;0.00;0.00;0.00
2000101;0.00;0.00;0.00;0.00;0.00;0.00;0.00;0.00;0.00;0.00
2000102;0.00;0.00;0.00;0.00;0.00;0.00;0.00;0.00;0.00;0.00
2000103;0.00;0.00;0.00;0.00;0.00;0.00;0.00;0.00;0.00;0.00
2000104;0.00;0.00;0.00;0.00;0.00;0.00;0.00;0.00;0.00;0.00
2000105;0.00;0.00;0.00;0.00;0.00;0.00;0.00;0.00;0.00;0.00
2000106;0.00;0.00;0.00;0.00;0.00;0.00;0.00;0.00;0.00;0.00
2000107;96.02;1 132.17;0.00;0.00;0.00;0.00;0.00;0.00;0.00;0.00
2000108;0.00;0.00;0.00;0.00;0.00;0.00;0.00;0.00;0.00;0.00
2000109;0.00;0.00;0.00;0.00;0.00;0.00;0.00;0.00;0.00;0.00
2000110;0.00;0.00;0.00;0.00;0.00;0.00;0.00;0.00;0.00;0.00
2000111;0.00;0.00;0.00;0.00;0.00;0.00;0.00;0.00;0.00;0.00
2000112;18.89;262.75;0.00;0.00;0.00;0.00;0.00;0.00;0.00;0.00
2000113;0.00;0.00;0.00;0.00;0.00;0.00;0.00;0.00;0.00;0.00
2000114;0.00;0.00;0.00;0.00;0.00;0.00;0.00;0.00;0.00;0.00
2000115;0.00;0.00;0.00;0.00;0.00;0.00;0.00;0.00;0.00;0.00
2000116;0.00;0.00;0.00;0.00;0.00;0.00;0.00;0.00;0.00;0.00
2000117;0.00;0.00;0.00;0.00;0.00;0.00;0.00;0.00;0.00;0.00
2000118;0.00;0.00;0.00;0.00;0.00;0.00;0.00;0.00;0.00;0.00
2000119;0.00;0.00;0.00;0.00;0.00;0.00;0.00;0.00;0.00;0.00
2000120;0.00;0.00;0.00;0.00;0.00;0.00;0.00;0.00;0.00;0.00
2000121;0.00;0.00;0.00;0.00;0.00;0.00;0.00;0.00;0.00;0.00
2000122;0.00;0.00;0.00;0.00;0.00;0.00;0.00;0.00;0.00;0.00
2000123;0.00;0.00;0.00;0.00;0.00;0.00;0.00;0.00;0.00;0.00
2000124;0.00;0.00;0.00;0.00;0.00;0.00;0.00;0.00;0.00;0.00
2000125;0.00;0.00;0.00;0.00;0.00;0.00;0.00;0.00;0.00;0.00
2000126;0.00;0.00;0.00;0.00;0.00;0.00;0.00;0.00;0.00;0.00
2000127;0.00;0.00;0.00;0.00;0.00;0.00;0.00;0.00;0.00;0.00
2000128;0.00;0.00;0.00;0.00;0.00;0.00;0.00;0.00;0.00;0.00
2000129;0.00;0.00;0.00;0.00;0.00;0.00;0.00;0.00;0.00;0.00
2000130;0.00;0.00;0.00;0.00;0.00;0.00;0.00;0.00;0.00;0.00
2000131;0.00;0.00;0.00;0.00;0.00;0.00;0.00;0.00;0.00;0.00
2000132;0.00;0.00;0.00;0.00;0.00;0.00;0.00;0.00;0.00;0.00
2000133;0.00;18.70;0.00;0.00;0.00;0.00;0.00;0.00;0.00;0.00
2000134;0.00;0.00;0.00;0.00;0.00;0.00;0.00;0.00;0.00;0.00
2000135;0.00;0.00;0.00;0.00;0.00;0.00;0.00;0.00;0.00;0.00
2000136;0.00;0.00;0.00;0.00;0.00;0.00;0.00;0.00;0.00;0.00
2000137;0.00;0.00;0.00;0.00;0.00;0.00;0.00;0.00;0.00;0.00
2000138;0.00;0.00;0.00;0.00;0.00;0.00;0.00;0.00;0.00;0.00
2000201;0.00;0.00;0.00;0.00;0.00;0.00;0.00;0.00;0.00;0.00
2000202;0.00;0.00;0.00;0.00;0.00;0.00;0.00;0.00;0.00;0.00
2000203;0.00;0.00;0.00;0.00;0.00;0.00;0.00;0.00;0.00;0.00
2000204;71.52;814.10;0.00;0.00;0.00;0.00;0.00;0.00;0.00;0.00
2000205;19.30;259.15;0.00;0.00;0.00;0.00;0.00;0.00;0.00;0.00
2000206;0.00;0.00;0.00;0.00;0.00;0.00;0.00;0.00;0.00;0.00
2000207;0.00;0.00;0.00;0.00;0.00;0.00;0.00;0.00;0.00;0.00
2000208;0.00;0.00;0.00;0.00;0.00;0.00;0.00;0.00;0.00;0.00
2000209;0.00;0.00;0.00;0.00;0.00;0.00;0.00;0.00;0.00;0.00
2000210;0.00;0.00;0.00;0.00;0.00;0.00;0.00;0.00;0.00;0.00
2000211;0.00;0.00;0.00;0.00;0.00;0.00;0.00;0.00;0.00;0.00
2000212;0.00;0.00;0.00;0.00;0.00;0.00;0.00;0.00;0.00;0.00
2000213;0.00;0.00;0.00;0.00;0.00;0.00;0.00;0.00;0.00;0.00
2000214;0.00;0.00;0.00;0.00;0.00;0.00;0.00;0.00;0.00;0.00
2000215;0.00;0.00;0.00;0.00;0.00;0.00;0.00;0.00;0.00;0.00
2000216;0.00;0.00;0.00;0.00;0.00;0.00;0.00;0.00;0.00;0.00
2000217;0.00;60.20;0.00;0.00;0.00;0.00;0.00;0.00;0.00;0.00
